company_id,total_transactions,total_volume_MAD,avg_transaction_MAD,max_transaction_MAD,min_transaction_MAD,std_transaction_MAD,main_partner_country,total_imports_MAD,total_exports_MAD,import_export_ratio,international_share,avg_risk_score,avg_aml_score,fraud_flag_count,avg_notation_pays,first_transaction,last_transaction,active_days,company_sector,company_size,company_age,city,transaction_frequency
CMP0001,826,21610891607.67,26163307.03,601788664.5,324973.1,36707642.91,China,9063009343.9,8758003483.86,1.0348,0.7615,0.2786,17.02,0,1.59,2020-01-04,2024-12-27,1819,industry,large,6,Meknes,36
CMP0002,862,13016803500.89,15100700.12,926628848.05,5957.91,36460558.66,France,1412669469.96,9633277071.52,0.1466,0.7053,0.1972,15.09,0,1.78,2020-01-01,2024-12-28,1823,agriculture,large,1,Ifrane,59
CMP0003,93,72845902.7,783289.28,5226411.52,23403.34,986367.75,France,32556197.88,23222733.04,1.4019,0.7634,0.1905,13.58,0,1.54,2020-01-27,2024-12-14,1783,industry,small,1,Meknes,3
CMP0004,101,4395820.4,43522.97,654036.28,173.0,107835.23,France,428127.28,1414515.61,0.3027,0.2079,0.1174,12.37,0,1.9,2020-01-08,2024-11-17,1775,services,small,1,Meknes,6
CMP0005,92,28942796.91,314595.62,2290949.03,327.73,442633.35,France,2932288.31,21046318.36,0.1393,0.7174,0.034,8.81,0,1.8,2020-01-05,2024-12-30,1821,agriculture,small,21,Fes,6
CMP0006,305,883298400.74,2896060.33,19341809.03,2474.03,3692962.82,Spain,370808657.9,364786111.83,1.0165,0.7279,0.4662,25.39,0,1.64,2020-01-01,2024-12-21,1816,trade,medium,20,Khénifra,24
CMP0007,116,42070354.92,362675.47,2612436.59,205.01,514142.95,France,5481790.07,31287019.33,0.1752,0.7241,0.5043,26.9,0,1.69,2020-01-17,2024-12-26,1805,agriculture,small,2,Fes,4
CMP0008,800,16016749859.54,20020937.32,1742709300.17,8962.78,89241428.58,France,3098703459.16,10752639524.76,0.2882,0.7113,0.2925,18.63,0,1.73,2020-01-01,2024-12-30,1825,agriculture,large,1,Meknes,42
CMP0009,94,75058102.06,798490.45,4195802.69,21064.67,899544.82,China,35921080.19,26102064.83,1.3762,0.7766,0.2383,15.89,0,1.64,2020-01-12,2024-11-30,1784,industry,small,7,Sefrou,4
CMP0010,107,48160910.11,450101.96,4319653.5,162.27,634569.95,Spain,23523531.44,15556057.68,1.5122,0.7383,0.3263,18.9,0,1.55,2020-02-11,2024-12-26,1780,trade,small,10,Fes,3
CMP0011,108,65272702.38,604376.87,3180163.56,13714.57,655968.39,China,32698163.54,19505967.96,1.6763,0.75,0.2392,15.4,0,1.59,2020-01-08,2024-12-18,1806,industry,small,1,Fes,5
CMP0012,304,1372960682.33,4516318.03,76219264.63,72985.91,6352647.27,China,628653191.71,518811014.43,1.2117,0.7993,0.2535,15.82,0,1.54,2020-01-02,2024-12-30,1824,industry,medium,1,Fes,15
CMP0013,318,113633959.15,357339.49,44828012.64,4125.11,2558819.4,Spain,12911953.7,8246974.48,1.5657,0.2264,0.3462,21.3,0,1.89,2020-01-02,2024-12-22,1816,services,medium,1,Ifrane,15
CMP0014,108,26820738.95,248340.18,1652820.67,3558.43,291322.95,China,9753371.5,12965259.0,0.7523,0.7593,0.2961,17.38,0,1.51,2020-01-16,2024-12-15,1795,textile,small,17,Ifrane,6
CMP0015,102,141780939.39,1390009.21,74681827.08,104.74,7697293.01,Spain,5531698.87,132083038.07,0.0419,0.6863,0.2528,16.41,0,1.69,2020-03-20,2024-12-17,1733,agriculture,small,2,Khénifra,10
CMP0016,89,26727698.32,300311.22,1367027.23,2622.74,332020.91,China,10261832.2,13681932.62,0.75,0.809,0.2323,13.75,0,1.53,2020-01-04,2024-12-14,1806,textile,small,4,Meknes,2
CMP0017,110,34363936.18,312399.42,3963929.53,8366.87,480001.25,China,14378615.17,15491963.13,0.9281,0.7636,0.2214,15.28,0,1.64,2020-01-17,2024-11-30,1779,trade,small,12,Meknes,6
CMP0018,365,821989864.71,2252027.03,16405422.5,1427.99,2770761.47,France,166008427.32,567336568.0,0.2926,0.7068,0.2833,18.06,0,1.73,2020-01-12,2024-12-28,1812,agriculture,medium,1,Fes,26
CMP0019,93,89014936.19,957149.85,19117941.8,22435.17,2212017.07,China,34821365.96,40132713.77,0.8677,0.7097,0.5884,29.64,0,1.53,2020-01-08,2024-12-13,1801,industry,small,1,Meknes,3
CMP0020,297,1279959663.6,4309628.5,248037627.82,3203.52,20288516.1,China,297707428.09,844057051.75,0.3527,0.7071,0.3241,19.53,0,1.72,2020-01-02,2024-12-25,1819,trade,medium,8,Fes,10
CMP0021,313,817980343.43,2613355.73,24558293.96,620.84,3386697.06,France,107034782.39,546680028.62,0.1958,0.7316,0.0616,9.48,0,1.7,2020-01-11,2024-12-30,1815,agriculture,medium,7,Khénifra,9
CMP0022,321,641709056.15,1999093.63,57960357.48,28263.53,3758566.22,France,239474537.01,281960523.75,0.8493,0.757,0.3843,20.48,0,1.49,2020-01-02,2024-12-25,1819,textile,medium,1,Meknes,24
CMP0023,325,1251771900.68,3851605.85,39094600.46,39656.03,4693667.76,China,664239335.14,436428645.22,1.522,0.7508,0.3737,20.82,0,1.57,2020-01-06,2024-12-15,1805,industry,medium,1,Meknes,10
CMP0024,327,56999133.18,174309.28,2768344.82,455.1,358283.75,Senegal,8596073.18,12900254.1,0.6663,0.1774,0.1121,11.81,0,1.91,2020-01-02,2024-12-20,1814,services,medium,2,Fes,24
CMP0025,327,882773962.54,2699614.56,66559728.14,1986.05,5222187.56,China,248202949.63,405930232.82,0.6114,0.6728,0.8414,40.63,0,1.73,2020-02-15,2024-12-29,1779,trade,medium,4,Meknes,13
CMP0026,96,3272924.25,34092.96,335476.47,596.24,66645.17,Spain,221251.46,433350.8,0.5106,0.1562,0.106,11.74,0,1.92,2020-03-08,2024-12-21,1749,services,small,25,Khénifra,7
CMP0027,842,23946413742.11,28439921.31,1440378185.0,264058.38,66478186.97,China,11500473354.75,8277716051.2,1.3893,0.7577,0.1915,13.41,0,1.6,2020-01-02,2024-12-28,1822,industry,large,17,Azrou,28
CMP0028,317,1000284484.38,3155471.56,92933248.45,1342.7,7141203.03,China,526283427.9,307912218.92,1.7092,0.7161,0.4917,26.41,0,1.66,2020-01-16,2024-12-07,1787,trade,medium,1,Meknes,12
CMP0029,294,94165285.27,320290.09,34507051.35,342.94,2058239.2,France,8651745.8,6753809.99,1.281,0.1871,0.2473,17.45,0,1.91,2020-01-18,2024-12-16,1794,services,medium,2,Fes,18
CMP0030,334,676506468.99,2025468.47,102493705.96,36420.63,5950140.83,UK,377594138.41,150694588.56,2.5057,0.6018,0.1241,10.81,0,1.57,2020-01-02,2024-12-26,1820,tech,medium,13,Meknes,21
CMP0031,109,2621505.09,24050.51,284393.65,105.74,41514.56,Spain,424650.15,266306.39,1.5946,0.156,0.0303,8.74,0,1.92,2020-01-29,2024-12-18,1785,services,small,5,Meknes,6
CMP0032,113,26460941.63,234167.63,1868052.95,5557.52,304998.11,Germany,9702561.57,8068795.6,1.2025,0.6195,0.2687,16.74,0,1.59,2020-01-07,2024-12-23,1812,tech,small,1,Meknes,4
CMP0033,827,1144009863.92,1383325.11,353690662.27,1388.11,12501248.99,France,502024982.51,137372772.07,3.6545,0.1862,0.3795,22.37,0,1.9,2020-01-01,2024-12-28,1823,services,large,2,Meknes,30
CMP0034,93,26022531.0,279812.16,1632873.23,3562.54,274406.83,Germany,10680319.89,10784410.27,0.9903,0.7957,0.1091,10.01,0,1.46,2020-01-03,2024-12-03,1796,textile,small,10,Meknes,9
CMP0035,305,59301471.28,194431.05,3165266.18,564.48,412738.27,Senegal,6151202.32,14133279.42,0.4352,0.1967,0.1009,11.79,0,1.93,2020-01-05,2024-12-30,1821,services,medium,1,Fes,24
CMP0036,102,70865148.09,694756.35,4518762.29,27484.24,706713.99,China,38533292.41,21833506.28,1.7649,0.7745,0.7229,35.52,0,1.66,2020-01-18,2024-12-13,1791,industry,small,3,Fes,10
CMP0037,336,1342460222.89,3995417.33,123875885.62,75200.64,8183999.59,China,625823036.02,425517528.12,1.4707,0.747,0.4102,22.37,0,1.65,2020-01-03,2024-12-26,1819,industry,medium,17,Meknes,10
CMP0038,310,1244025947.46,4012986.93,245427904.78,1912.86,15829780.73,France,286466044.28,711288750.05,0.4027,0.7226,0.181,13.57,0,1.69,2020-01-18,2024-12-16,1794,trade,medium,7,Fes,15
CMP0039,305,577487117.4,1893400.38,61354825.6,29348.82,4243116.71,China,236355744.69,291186601.75,0.8117,0.777,0.2185,14.42,0,1.51,2020-01-06,2024-12-23,1813,textile,medium,15,Fes,11
CMP0040,330,1275039290.76,3863755.43,427197602.03,702.3,23620609.72,Senegal,731700258.82,361870730.72,2.022,0.6818,0.2891,18.18,0,1.75,2020-01-01,2024-12-14,1809,trade,medium,2,Ifrane,18
CMP0041,103,21830573.2,211947.31,1985598.26,7914.29,330842.42,France,8747257.34,6165191.7,1.4188,0.534,0.4746,23.98,0,1.6,2020-01-04,2024-12-25,1817,tech,small,17,Khénifra,5
CMP0042,86,33544967.34,390057.76,2433328.59,425.24,467047.39,China,16538589.15,14300615.44,1.1565,0.7791,0.4688,25.12,0,1.67,2020-01-18,2024-12-23,1801,trade,small,2,Ifrane,4
CMP0043,323,60029295.37,185849.21,3081279.01,558.96,361713.74,France,11668340.2,7476040.95,1.5608,0.2167,0.4847,26.8,0,1.88,2020-01-04,2024-12-27,1819,services,medium,2,Fes,14
CMP0044,106,23125243.93,218162.68,1921039.15,5840.17,325390.96,USA,12341496.01,5953514.72,2.073,0.5943,0.5481,26.9,0,1.58,2020-01-19,2024-12-16,1793,tech,small,1,Meknes,2
CMP0045,314,552181512.83,1758539.85,29764281.68,26745.97,3039007.38,USA,252113891.34,111358021.47,2.264,0.5064,0.1392,11.7,0,1.61,2020-01-19,2024-12-30,1807,tech,medium,1,Fes,13
CMP0046,116,45652642.31,393557.26,2536246.68,215.44,460397.68,France,3210813.51,36254776.87,0.0886,0.7414,0.2141,14.42,0,1.66,2020-01-04,2024-12-30,1822,agriculture,small,2,Azrou,7
CMP0047,110,2258684.39,20533.49,297549.27,906.8,38241.09,Spain,373642.21,410713.76,0.9097,0.1091,0.1376,13.51,0,1.95,2020-01-17,2024-12-13,1792,services,small,1,Khénifra,4
CMP0048,118,47407970.05,401762.46,10180063.18,98.7,978850.87,Spain,4090427.82,37434140.81,0.1093,0.7203,0.1927,14.75,0,1.67,2020-01-20,2024-12-23,1799,agriculture,small,11,Meknes,6
CMP0049,90,31869992.34,354111.03,2646724.24,5553.44,510859.05,China,18754631.51,10255362.81,1.8288,0.7222,0.324,19.38,0,1.7,2020-01-21,2024-12-16,1791,trade,small,1,Azrou,4
CMP0050,822,1304456998.98,1586930.66,391865494.93,2878.76,13834293.26,France,171967804.41,135534504.84,1.2688,0.2153,0.353,20.98,0,1.88,2020-01-04,2024-12-29,1821,services,large,7,Meknes,33
CMP0051,767,9574089349.15,12482515.45,852281338.86,111554.35,45159155.63,China,3969112979.1,4490793437.85,0.8838,0.7784,0.0999,9.5,0,1.53,2020-01-10,2024-12-28,1814,textile,large,3,Sefrou,43
CMP0052,324,1291992202.48,3987630.25,75672296.7,55438.93,6369901.52,China,531891198.74,473062066.43,1.1244,0.7778,0.4654,24.89,0,1.63,2020-01-07,2024-12-29,1818,industry,medium,28,Fes,6
CMP0053,855,6590263395.91,7707910.4,558314083.57,111615.7,21534161.98,USA,2891554857.55,1221322990.25,2.3676,0.531,0.3187,18.51,0,1.6,2020-01-01,2024-12-29,1824,tech,large,7,Meknes,48
CMP0054,107,52989551.08,495229.45,11183925.94,189.3,1212559.73,France,2924055.75,41068988.75,0.0712,0.6729,0.102,12.2,0,1.76,2020-02-04,2024-12-23,1784,agriculture,small,29,Ifrane,5
CMP0055,94,31646561.39,336665.55,1664523.72,11446.81,384929.1,China,12342176.33,15998760.2,0.7714,0.8191,0.4607,23.05,0,1.52,2020-01-23,2024-12-17,1790,textile,small,14,Sefrou,8
CMP0056,92,25360786.08,275660.72,1628340.6,3129.47,330866.94,China,7281245.6,13766762.57,0.5289,0.7609,0.5226,27.27,0,1.61,2020-01-02,2024-11-25,1789,textile,small,25,Fes,2
CMP0057,97,3646341.4,37591.15,606234.2,1842.16,78068.45,France,409856.72,522964.63,0.7837,0.1753,0.126,12.09,0,1.88,2020-01-25,2024-12-19,1790,services,small,4,Meknes,8
CMP0058,98,112549752.76,1148466.86,33662811.63,21740.06,3741642.77,China,73536262.03,29260859.92,2.5131,0.7857,0.364,20.27,0,1.58,2020-01-01,2024-12-27,1822,industry,small,11,Fes,9
CMP0059,815,28524174225.65,34998986.78,4839840048.14,184538.76,182698031.59,China,17207939420.15,8107694671.76,2.1224,0.7632,0.2052,14.08,0,1.61,2020-01-01,2024-12-30,1825,industry,large,4,Fes,19
CMP0060,83,28210629.2,339887.1,2592817.74,968.49,495506.13,France,12822674.58,13214985.93,0.9703,0.7108,0.18,13.17,0,1.63,2020-01-23,2024-10-23,1735,trade,small,4,Khénifra,4
CMP0061,96,43403589.02,452120.72,13636570.92,538.09,1428006.82,France,5544863.03,32099256.76,0.1727,0.7188,0.0866,9.75,0,1.61,2020-01-08,2024-12-12,1800,agriculture,small,1,Fes,5
CMP0062,113,4605939.89,40760.53,597935.64,115.66,76952.59,Senegal,1395787.49,802158.35,1.74,0.2566,0.1621,13.83,0,1.88,2020-01-10,2024-12-19,1805,services,small,1,Fes,4
CMP0063,114,54953216.13,482045.76,7966544.72,227.46,878443.44,France,5537538.69,43605538.82,0.127,0.8333,0.197,14.65,0,1.76,2020-01-27,2024-12-27,1796,agriculture,small,2,Fes,10
CMP0064,901,17076267625.45,18952572.28,568038237.68,10927.65,31933854.14,China,7093593093.6,7847754548.99,0.9039,0.7259,0.4026,22.21,0,1.68,2020-01-02,2024-12-30,1824,trade,large,2,Fes,64
CMP0065,97,63610166.18,655774.91,4984750.23,7506.05,854981.76,China,30707101.42,20934173.25,1.4668,0.6907,0.2467,15.02,0,1.63,2020-02-08,2024-12-26,1783,industry,small,2,Meknes,9
CMP0066,107,71843648.26,671435.97,4906444.04,17448.44,831571.04,China,35944971.13,25848796.89,1.3906,0.7477,0.1514,11.35,0,1.54,2020-01-05,2024-12-25,1816,industry,small,3,Fes,3
CMP0067,104,43308124.95,416424.28,2563091.85,410.87,551026.74,Spain,2254020.64,27778984.45,0.0811,0.7019,0.446,24.33,0,1.68,2020-01-05,2024-11-28,1789,agriculture,small,2,Fes,9
CMP0068,322,128012071.6,397553.02,52399409.03,523.99,2967037.89,Senegal,14946099.72,69332325.64,0.2156,0.2143,0.1564,13.29,0,1.93,2020-01-11,2024-12-29,1814,services,medium,1,Fes,14
CMP0069,834,31901630960.2,38251356.07,2348319047.65,363858.52,160976115.84,China,12297455621.98,14668730646.47,0.8383,0.7662,0.3215,18.44,0,1.58,2020-01-03,2024-12-30,1823,industry,large,1,Meknes,30
CMP0070,95,28198388.48,296825.14,2577373.32,178.44,443831.2,Spain,3914489.08,21061939.84,0.1859,0.6316,0.2676,18.26,0,1.92,2020-01-09,2024-11-05,1762,agriculture,small,28,Fes,4
CMP0071,100,35820760.59,358207.61,16920323.65,7587.97,1689081.57,France,27574948.02,2900080.09,9.5083,0.55,0.2373,14.46,0,1.56,2020-02-19,2024-12-09,1755,tech,small,8,Fes,5
CMP0072,121,80057815.15,661634.84,43459078.93,5045.42,3947894.11,Italy,9099686.35,17792358.14,0.5114,0.7025,0.3991,22.43,0,1.6,2020-02-02,2024-12-18,1781,textile,small,1,Meknes,3
CMP0073,107,37057040.82,346327.48,6903716.26,4557.7,715264.16,France,19392537.47,10893788.42,1.7801,0.6729,0.2687,16.78,0,1.57,2020-02-05,2024-12-17,1777,textile,small,1,Meknes,3
CMP0074,360,573558199.84,1593217.22,23397481.85,30944.88,2353286.07,UK,230685338.57,144095722.54,1.6009,0.5861,0.3073,18.7,0,1.58,2020-01-02,2024-12-27,1821,tech,medium,3,Meknes,20
CMP0075,338,1085605720.53,3211851.24,118482120.88,3264.21,8440674.59,France,202118406.33,741330870.31,0.2726,0.7041,0.2148,14.67,0,1.67,2020-01-09,2024-12-22,1809,agriculture,medium,1,Khénifra,15
CMP0076,92,23934354.1,260156.02,2023933.77,5536.93,338733.88,France,6019981.85,11740455.32,0.5128,0.75,0.1952,12.37,0,1.54,2020-03-29,2024-12-27,1734,textile,small,15,Fes,5
CMP0077,289,1320482343.46,4569143.06,160233046.68,71740.5,11233153.38,China,429129656.72,741568469.2,0.5787,0.7509,0.4189,22.26,0,1.57,2020-01-04,2024-12-28,1820,industry,medium,3,Fes,7
CMP0078,101,101687410.12,1006806.04,27229500.92,17478.29,2793699.05,China,28886429.37,32804239.54,0.8806,0.7723,0.1426,12.0,0,1.62,2020-02-05,2024-12-24,1784,industry,small,7,Khénifra,5
CMP0079,109,4675760.79,42896.89,540805.56,176.78,92027.31,France,1164320.88,1711564.9,0.6803,0.2661,0.0229,8.48,0,1.89,2020-01-01,2024-12-18,1813,services,small,13,Sefrou,4
CMP0080,307,1380496861.51,4496732.45,132767287.32,43399.15,8916955.87,China,573795079.98,605161521.3,0.9482,0.7818,0.3693,20.79,0,1.59,2020-01-02,2024-12-28,1822,industry,medium,17,Fes,17
CMP0081,320,1030234677.65,3219483.37,376143769.85,31781.64,21293393.76,China,204969817.2,740257873.36,0.2769,0.7656,0.6589,31.54,0,1.5,2020-01-01,2024-12-29,1824,textile,medium,7,Meknes,17
CMP0082,108,4655098.66,43102.77,396790.94,498.89,75266.49,France,683872.83,619267.6,1.1043,0.213,0.3276,19.22,0,1.87,2020-01-03,2024-12-30,1823,services,small,25,Meknes,4
CMP0083,319,842979378.29,2642568.58,99538256.37,900.86,6273837.18,France,102112922.77,590155680.67,0.173,0.7053,0.2389,16.56,0,1.71,2020-01-21,2024-12-27,1802,agriculture,medium,5,Khénifra,18
CMP0084,285,1269260112.73,4453544.26,260681550.29,51361.45,15822376.24,China,806428809.58,355457306.02,2.2687,0.7193,0.2135,14.29,0,1.61,2020-01-03,2024-12-27,1820,industry,medium,23,Khénifra,9
CMP0085,868,12392543629.58,14277124.0,199478657.35,3786.48,19809083.93,France,1751417897.12,8979248913.5,0.1951,0.7062,0.3442,20.49,0,1.74,2020-01-01,2024-12-30,1825,agriculture,large,4,Sefrou,20
CMP0086,103,69709313.62,676789.45,4494792.63,10889.39,796386.69,China,28110526.0,31191554.51,0.9012,0.767,0.2372,14.99,0,1.59,2020-02-26,2024-11-05,1714,industry,small,22,Meknes,3
CMP0087,75,15493119.68,206574.93,1615319.13,4825.44,237638.71,France,5985916.25,7952122.52,0.7527,0.8133,0.2059,14.06,0,1.45,2020-01-15,2024-11-24,1775,textile,small,1,Fes,1
CMP0088,304,763353083.2,2511029.88,36252658.18,1308.33,3865798.17,France,119370108.66,497249465.83,0.2401,0.7039,0.282,18.82,0,1.81,2020-01-14,2024-12-30,1812,agriculture,medium,26,Fes,7
CMP0089,328,1298020085.13,3957378.31,36754355.69,68003.03,5452760.35,China,594932112.32,446973755.69,1.331,0.753,0.1945,13.77,0,1.61,2020-02-10,2024-12-27,1782,industry,medium,11,Fes,16
CMP0090,96,25730586.82,268026.95,1767994.64,5870.18,378421.58,USA,11086783.59,4031058.29,2.7503,0.5625,0.6352,30.53,0,1.58,2020-01-10,2024-12-16,1802,tech,small,3,Meknes,3
CMP0091,816,22160147497.3,27157043.5,2712609303.06,19758.39,116972837.1,China,8656389915.1,11296447033.59,0.7663,0.7267,0.5752,29.21,0,1.67,2020-01-06,2024-12-30,1820,trade,large,2,Fes,25
CMP0092,105,45411773.18,432493.08,6900468.48,418.12,789005.56,France,5476497.76,35854823.54,0.1527,0.7429,0.1348,12.56,0,1.71,2020-02-25,2024-12-24,1764,agriculture,small,8,Fes,3
CMP0093,139,41220119.0,296547.62,1549932.42,185.8,352792.02,France,5466753.37,26619269.5,0.2054,0.6906,0.4629,26.36,0,1.8,2020-01-03,2024-12-14,1807,agriculture,small,17,Meknes,4
CMP0094,127,60955957.05,479968.17,24049335.27,748.67,2140768.84,France,2485304.54,54042033.68,0.046,0.6929,0.4005,23.35,0,1.72,2020-01-25,2024-12-27,1798,agriculture,small,1,Fes,3
CMP0095,133,36882858.48,277314.73,2029978.65,5199.2,405276.12,USA,19165352.43,6619493.27,2.8953,0.6015,0.1992,13.76,0,1.59,2020-01-15,2024-12-22,1803,tech,small,3,Fes,2
CMP0096,863,11471493884.72,13292576.92,645064806.2,187087.11,34971198.46,China,5187580141.48,4664868557.62,1.1121,0.7439,0.2066,13.54,0,1.52,2020-01-02,2024-12-28,1822,textile,large,1,Meknes,16
CMP0097,111,168123684.67,1514627.79,62919991.66,21267.13,6147820.28,China,55075801.15,31566850.67,1.7447,0.7568,0.575,28.92,0,1.57,2020-01-18,2024-12-07,1785,industry,small,5,Fes,2
CMP0098,759,15107422052.87,19904376.88,4219394112.88,8134.39,153626844.52,France,1214119964.24,8070629941.35,0.1504,0.7457,0.4735,26.24,0,1.74,2020-01-02,2024-12-28,1822,agriculture,large,6,Fes,41
CMP0099,104,32483346.25,312339.87,5436318.68,1654.34,579388.51,France,11744525.62,18399649.52,0.6383,0.7404,0.5273,26.15,0,1.5,2020-01-12,2024-11-16,1770,textile,small,20,Fes,5
CMP0100,105,106028081.56,1009791.25,34402033.74,19119.32,3518147.5,China,23343115.3,76055102.17,0.3069,0.6762,0.4715,25.88,0,1.62,2020-01-01,2024-12-07,1802,industry,small,1,Meknes,6
CMP0101,114,102023692.84,894944.67,46912359.66,5074.61,4899609.62,Italy,39552103.77,58928501.87,0.6712,0.807,0.2694,16.92,0,1.59,2020-02-10,2024-12-03,1758,textile,small,2,Fes,3
CMP0102,108,4371512.92,40476.97,374012.93,188.2,65771.27,France,1335127.32,791362.62,1.6871,0.2593,0.0971,10.41,0,1.86,2020-01-05,2024-12-24,1815,services,small,2,Fes,4
CMP0103,318,1601918321.86,5037479.0,120451826.12,66737.74,9315039.75,China,679276086.66,580073244.78,1.171,0.7704,0.7557,36.5,0,1.6,2020-01-02,2024-12-24,1818,industry,medium,1,Fes,14
CMP0104,309,649818928.76,2102973.88,46774967.84,38528.6,3635582.78,USA,310954886.5,164037007.83,1.8956,0.6019,0.1291,10.52,0,1.53,2020-01-13,2024-12-26,1809,tech,medium,6,Fes,12
CMP0105,115,35878909.46,311990.52,2495044.19,205.49,424754.35,China,9549377.69,16448150.9,0.5806,0.6783,0.3673,21.56,0,1.7,2020-01-03,2024-10-28,1760,trade,small,5,Fes,5
CMP0106,115,41057134.95,357018.56,13018382.97,6320.98,1223803.81,France,11363037.53,27449378.06,0.414,0.7913,0.3201,18.55,0,1.46,2020-01-15,2024-12-19,1800,textile,small,29,Fes,7
CMP0107,104,43257524.71,415937.74,2586207.85,482.19,554197.97,UAE,19973378.05,13028430.6,1.5331,0.7212,0.5193,27.02,0,1.64,2020-02-07,2024-12-20,1778,trade,small,2,Meknes,4
CMP0108,310,1317754779.9,4250821.87,314371138.34,1154.54,23047812.75,Spain,59319630.71,1175324871.63,0.0505,0.7161,0.2998,19.04,0,1.72,2020-01-09,2024-12-30,1817,agriculture,medium,1,Fes,21
CMP0109,107,35318859.1,330082.8,2416265.56,162.56,498315.95,France,4336398.9,21291117.42,0.2037,0.6355,0.1144,10.81,0,1.72,2020-02-26,2024-12-19,1758,agriculture,small,13,Meknes,7
CMP0110,104,37728581.32,362774.82,2034039.96,651.1,470977.38,Spain,15508765.25,12519419.08,1.2388,0.6923,0.2503,15.75,0,1.72,2020-01-07,2024-12-10,1799,trade,small,5,Sefrou,6
CMP0111,802,15303101935.18,19081174.48,580663598.54,4848.57,32432306.56,China,6378766079.77,6686360687.08,0.954,0.7132,0.328,19.72,0,1.7,2020-01-01,2024-12-28,1823,trade,large,3,Meknes,75
CMP0112,118,26406557.75,223784.39,1372494.73,5897.65,246092.18,China,12654758.19,9875635.9,1.2814,0.7881,0.2563,15.72,0,1.56,2020-01-01,2024-12-06,1801,textile,small,1,Fes,3
CMP0113,832,11653400671.29,14006491.19,998714701.0,149240.38,54816656.9,France,2628873792.74,5653340392.0,0.465,0.7392,0.1467,11.2,0,1.51,2020-01-10,2024-12-30,1816,textile,large,1,Meknes,59
CMP0114,116,42664083.94,367793.83,5204437.29,253.41,665167.75,Spain,16973484.4,19749410.82,0.8594,0.7414,0.2808,18.11,0,1.72,2020-01-19,2024-12-28,1805,trade,small,8,Khénifra,3
CMP0115,94,34176504.72,363579.84,3746551.83,5316.59,577254.01,China,19210041.67,12797904.08,1.501,0.7872,0.1867,12.98,0,1.55,2020-01-10,2024-12-11,1797,textile,small,2,Meknes,8
CMP0116,129,60207851.14,466727.53,17592255.03,7574.49,1759420.2,France,11866527.13,27793874.11,0.4269,0.8295,0.2218,13.7,0,1.39,2020-01-16,2024-12-20,1800,textile,small,6,Meknes,4
CMP0117,285,690193643.28,2421732.08,18554852.5,2428.32,3474022.59,France,293012856.78,259769583.71,1.128,0.6632,0.2439,16.24,0,1.72,2020-01-01,2024-12-28,1823,trade,medium,5,Meknes,13
CMP0118,119,73954812.73,621469.01,17098731.36,244.49,1670478.9,France,7361706.2,55473867.02,0.1327,0.7983,0.1547,12.77,0,1.62,2020-02-29,2024-12-26,1762,agriculture,small,1,Meknes,3
CMP0119,96,31788614.45,331131.4,8021350.91,2117.63,855286.44,USA,10321802.62,6419050.39,1.608,0.5833,0.1119,10.15,0,1.57,2020-02-04,2024-12-29,1790,tech,small,5,Meknes,6
CMP0120,281,51179380.19,182133.03,2999818.78,311.29,340853.82,Spain,8225912.15,6227325.72,1.3209,0.1815,0.3115,19.62,0,1.96,2020-01-02,2024-12-26,1820,services,medium,8,Meknes,17
CMP0121,113,34012907.73,300999.18,1818915.94,4926.2,378721.09,China,10260091.4,17396249.76,0.5898,0.6903,0.2586,15.77,0,1.65,2020-01-04,2024-12-29,1821,trade,small,1,Ifrane,8
CMP0122,96,40237066.55,419136.11,2592228.32,607.49,556765.89,Spain,5657183.59,27488112.4,0.2058,0.6771,0.0563,9.27,0,1.76,2020-01-16,2024-12-13,1793,agriculture,small,28,Meknes,5
CMP0123,91,20372017.06,223868.32,1797030.86,13048.82,330743.96,USA,12117046.23,3057622.16,3.9629,0.4615,0.232,16.18,0,1.68,2020-01-13,2024-12-01,1784,tech,small,5,Meknes,4
CMP0124,307,1399023848.86,4557080.94,357032405.17,40263.56,24621711.81,China,529571435.36,670948696.88,0.7893,0.8078,0.6251,30.26,0,1.5,2020-01-09,2024-12-27,1814,textile,medium,6,Fes,17
CMP0125,825,20666571754.83,25050390.01,1663729694.9,3326.02,100675516.34,China,8465043077.8,9481627371.65,0.8928,0.7188,0.3999,22.2,0,1.69,2020-01-03,2024-12-30,1823,trade,large,1,Meknes,74
CMP0126,97,86663398.06,893437.09,13982203.13,8514.73,1602646.16,China,54770296.8,22072767.34,2.4814,0.7526,0.4519,24.04,0,1.68,2020-01-14,2024-11-02,1754,industry,small,9,Meknes,7
CMP0127,94,2247587.41,23910.5,250067.39,513.55,40279.04,France,106826.45,96540.34,1.1065,0.1489,0.3251,19.24,0,1.88,2020-01-30,2024-12-25,1791,services,small,29,Fes,4
CMP0128,323,842731598.01,2609076.15,75084938.86,1481.44,4884742.01,France,187144164.87,551679105.48,0.3392,0.7616,0.1999,15.13,0,1.77,2020-01-16,2024-12-30,1810,agriculture,medium,18,Fes,18
CMP0129,311,591466707.81,1901822.21,23782124.28,17634.59,2817533.07,France,213358481.93,167332998.77,1.2751,0.5884,0.3378,19.38,0,1.58,2020-01-15,2024-12-24,1805,tech,medium,1,Meknes,18
CMP0130,318,1167092018.33,3670100.69,193555280.36,1369.33,13218080.7,France,183059750.57,850415833.94,0.2153,0.739,0.1724,14.44,0,1.78,2020-01-03,2024-12-27,1820,agriculture,medium,1,Fes,11
CMP0131,107,95021293.99,888049.48,4952479.3,14364.54,1087863.83,China,32154451.92,46484169.45,0.6917,0.7009,0.7161,34.95,0,1.62,2020-01-10,2024-12-08,1794,industry,small,3,Fes,3
CMP0132,315,930338760.34,2953456.38,67710100.79,1958.2,5388160.83,Spain,305688614.81,415746628.31,0.7353,0.7302,0.3248,19.17,0,1.65,2020-01-25,2024-12-30,1801,trade,medium,4,Fes,13
CMP0133,317,83880143.49,264606.13,8830115.74,547.32,651720.77,France,10204879.03,13677664.99,0.7461,0.2303,0.0682,10.34,0,1.87,2020-01-03,2024-12-22,1815,services,medium,2,Fes,9
CMP0134,103,76594457.18,743635.51,16598507.33,243.45,2204695.03,Spain,21837529.99,31306799.38,0.6975,0.6796,0.212,15.17,0,1.71,2020-01-27,2024-12-21,1790,agriculture,small,5,Fes,7
CMP0135,90,38432125.9,427023.62,2165859.89,537.41,464470.21,Spain,13437457.66,16909320.71,0.7947,0.8,0.3802,21.39,0,1.67,2020-02-13,2024-12-03,1755,trade,small,10,Meknes,7
CMP0136,80,44103431.14,551292.89,24810633.31,3880.13,2764434.48,France,34007388.65,4838656.6,7.0283,0.5875,0.2493,15.5,0,1.51,2020-01-18,2024-12-14,1792,tech,small,5,Sefrou,4
CMP0137,91,36827466.82,404697.44,2605176.16,498.91,485646.47,Spain,8655542.01,23324089.29,0.3711,0.7253,0.1276,12.63,0,1.74,2020-01-18,2024-12-27,1805,agriculture,small,18,Fes,5
CMP0138,289,1108990100.96,3837335.99,51229437.71,57946.59,5036755.97,China,522163225.99,402041897.39,1.2988,0.7612,0.4306,23.22,0,1.64,2020-01-02,2024-12-22,1816,industry,medium,1,Meknes,9
CMP0139,328,66556426.13,202915.93,4975976.02,6717.88,461099.54,Spain,11108422.5,10619251.99,1.0461,0.1677,0.02,8.22,0,1.88,2020-01-08,2024-12-23,1811,services,medium,2,Fes,7
CMP0140,818,15121353782.08,18485762.57,818323143.36,7170.12,36520101.6,China,6500232629.03,6620699323.22,0.9818,0.698,0.3109,18.6,0,1.71,2020-01-02,2024-12-29,1823,trade,large,2,Fes,55
CMP0141,319,637996943.3,1999990.42,15536172.2,413.21,2513034.66,France,37032635.27,421119396.56,0.0879,0.7241,0.2978,18.2,0,1.75,2020-01-26,2024-12-26,1796,agriculture,medium,1,Khénifra,26
CMP0142,108,38410776.62,355655.34,2560058.28,13949.3,472960.97,China,17319094.21,16804418.19,1.0306,0.6852,0.5547,26.84,0,1.61,2020-01-02,2024-12-25,1819,trade,small,2,Meknes,3
CMP0143,911,16394651838.12,17996324.74,1140586061.34,4385.59,66627031.17,France,4116869789.05,10606166951.47,0.3882,0.7179,0.2152,15.42,0,1.74,2020-01-01,2024-12-30,1825,agriculture,large,1,Meknes,63
CMP0144,111,27464158.79,247424.85,1006177.71,2238.74,255489.78,France,9100157.42,15315872.85,0.5942,0.7658,0.1454,11.32,0,1.49,2020-02-11,2024-12-24,1778,textile,small,11,Fes,2
CMP0145,335,82082794.68,245023.27,15976992.44,350.01,953988.22,France,14288113.96,7019252.11,2.0356,0.1642,0.182,14.7,0,1.93,2020-01-06,2024-12-30,1820,services,medium,1,Fes,14
CMP0146,99,29317457.95,296135.94,1632910.6,7027.93,337051.91,China,11665151.68,13508642.95,0.8635,0.7778,0.3755,20.88,0,1.51,2020-01-19,2024-12-23,1800,textile,small,1,Fes,3
CMP0147,335,1557410450.11,4648986.42,184600216.45,34352.21,11289019.58,China,610697081.52,695789473.23,0.8777,0.7373,0.1932,13.62,0,1.6,2020-01-07,2024-12-24,1813,industry,medium,1,Fes,23
CMP0148,90,52038757.07,578208.41,15827305.25,292.23,1702424.49,France,18704084.38,30044309.34,0.6225,0.7556,0.3711,20.46,0,1.62,2020-01-15,2024-12-22,1803,trade,small,16,Meknes,3
CMP0149,340,954193488.56,2806451.44,76777420.7,3720.16,5091716.29,Spain,364793736.94,457927996.73,0.7966,0.6941,0.6687,33.72,0,1.7,2020-01-02,2024-12-29,1823,trade,medium,23,Fes,23
CMP0150,331,1093832675.48,3304630.44,177204563.95,385.5,10837844.42,France,105507415.98,588609898.11,0.1792,0.716,0.1964,14.51,0,1.73,2020-01-02,2024-12-29,1823,agriculture,medium,1,Azrou,28
CMP0151,326,49537108.09,151954.32,1877537.85,139.26,274151.18,Spain,6760415.86,7003045.0,0.9654,0.1779,0.02,8.19,0,1.91,2020-01-06,2024-12-29,1819,services,medium,3,Sefrou,24
CMP0152,93,26859609.15,288813.0,1965354.5,5328.9,392131.11,France,10794296.22,3991878.7,2.7041,0.6129,0.1556,12.14,0,1.53,2020-01-03,2024-12-29,1822,tech,small,1,Meknes,6
CMP0153,113,96767861.86,856352.76,4925974.67,27857.22,950580.8,China,48541008.83,26252700.19,1.849,0.7876,0.747,35.06,0,1.55,2020-01-06,2024-12-27,1817,industry,small,2,Fes,9
CMP0154,107,87593350.33,818629.44,3227458.68,12870.57,819783.69,Germany,39976792.39,29744091.35,1.344,0.8318,0.2454,15.4,0,1.55,2020-01-18,2024-11-20,1768,industry,small,2,Fes,3
CMP0155,312,115673233.98,370747.54,61955340.5,7046.56,3516402.28,France,6760749.39,5922260.32,1.1416,0.1859,0.2323,16.21,0,1.88,2020-01-05,2024-12-27,1818,services,medium,10,Ifrane,20
CMP0156,89,68845081.34,773540.24,4754800.9,12056.26,1041486.11,China,34292649.23,25521794.63,1.3437,0.7528,0.265,16.64,0,1.64,2020-02-23,2024-12-26,1768,industry,small,2,Fes,6
CMP0157,112,3519530.09,31424.38,420059.29,116.53,61735.38,Senegal,888446.5,383414.6,2.3172,0.1696,0.02,8.75,0,1.97,2020-01-05,2024-12-29,1820,services,small,1,Fes,6
CMP0158,111,9574257.44,86254.57,5279043.01,1497.31,508172.5,France,738057.16,716158.21,1.0306,0.1532,0.1209,12.4,0,1.93,2020-02-03,2024-12-27,1789,services,small,4,Azrou,5
CMP0159,319,1271555205.4,3986066.47,300154390.92,2239.86,17446165.23,China,380205451.86,460996164.03,0.8247,0.7147,0.2467,17.01,0,1.71,2020-01-04,2024-12-26,1818,trade,medium,19,Ifrane,11
CMP0160,99,104252939.3,1053059.99,18757829.17,15439.82,2162233.48,China,57712892.76,23902018.92,2.4146,0.7879,0.2252,14.94,0,1.59,2020-02-02,2024-11-23,1756,industry,small,2,Meknes,4
CMP0161,95,3552604.84,37395.84,316251.39,293.82,62665.76,France,276343.42,1043749.45,0.2648,0.2105,0.1488,13.65,0,1.88,2020-02-02,2024-12-22,1785,services,small,1,Meknes,6
CMP0162,97,42915200.19,442424.74,16352902.06,3931.3,1662409.85,Germany,11246495.38,28223659.15,0.3985,0.7216,0.123,9.98,0,1.49,2020-01-08,2024-12-14,1802,textile,small,4,Meknes,9
CMP0163,836,773174492.4,924849.87,17282973.98,1405.51,1904814.33,France,170790075.87,144844789.5,1.1791,0.1699,0.5321,28.44,0,1.92,2020-01-07,2024-12-29,1818,services,large,1,Fes,50
CMP0164,128,43712164.82,341501.29,2649654.0,362.94,502818.42,France,11668475.7,20987367.24,0.556,0.6797,0.4229,23.92,0,1.79,2020-01-02,2024-12-25,1819,agriculture,small,14,Fes,3
CMP0165,89,82486324.88,926812.64,4837345.04,14147.44,1007549.4,China,40766377.09,29206795.59,1.3958,0.7528,0.3777,21.07,0,1.6,2020-01-31,2024-11-22,1757,industry,small,8,Fes,9
CMP0166,317,579471583.59,1827986.07,23866806.59,28845.09,2413174.35,France,194780612.53,328094544.88,0.5937,0.795,0.338,18.73,0,1.49,2020-01-03,2024-12-12,1805,textile,medium,5,Fes,11
CMP0167,329,60039299.36,182490.27,4229872.91,358.67,374416.55,France,8243673.28,8993579.14,0.9166,0.2097,0.1309,12.34,0,1.94,2020-01-04,2024-12-13,1805,services,medium,1,Khénifra,9
CMP0168,305,1199487757.43,3932746.75,26326498.28,51952.9,4856143.23,China,653359421.43,318205749.02,2.0533,0.7508,0.3578,19.69,0,1.62,2020-01-01,2024-12-30,1825,industry,medium,11,Fes,20
CMP0169,95,38374197.85,403938.92,2615689.21,613.54,544901.39,France,3046405.08,28920754.79,0.1053,0.6632,0.1617,13.66,0,1.86,2020-01-26,2024-12-24,1794,agriculture,small,2,Fes,2
CMP0170,69,20637538.07,299094.75,1525699.43,532.47,357987.07,France,6144828.64,11112513.84,0.553,0.6957,0.3962,22.04,0,1.59,2020-01-13,2024-11-17,1770,trade,small,17,Azrou,3
CMP0171,290,1044303592.8,3601046.87,264992065.55,5637.01,16253016.7,China,289547894.14,605037492.89,0.4786,0.6828,0.3471,19.88,0,1.7,2020-01-02,2024-12-22,1816,trade,medium,2,Meknes,13
CMP0172,297,69744728.35,234830.74,5716346.8,210.19,524930.73,France,8781693.62,8962393.82,0.9798,0.1987,0.1224,12.19,0,1.91,2020-01-17,2024-12-29,1808,services,medium,18,Fes,25
CMP0173,105,47295847.7,450436.64,15715299.75,3706.51,1561376.85,China,13962116.03,31607239.07,0.4417,0.8,0.221,14.77,0,1.56,2020-01-08,2024-12-30,1818,textile,small,1,Fes,3
CMP0174,103,25308037.7,245709.1,1451232.08,2904.04,265255.85,China,8043951.1,11416204.88,0.7046,0.7282,0.1198,10.75,0,1.6,2020-01-07,2024-12-09,1798,textile,small,1,Fes,5
CMP0175,95,25977941.9,273452.02,2323051.4,7437.72,360498.88,France,8825269.51,14440184.21,0.6112,0.7789,0.2726,16.59,0,1.54,2020-01-13,2024-12-10,1793,textile,small,4,Meknes,5
CMP0176,98,24817795.92,253242.82,1626132.9,7266.96,334110.73,Germany,10833963.88,7309085.88,1.4823,0.7347,0.2991,18.48,0,1.56,2020-01-09,2024-12-30,1817,textile,small,1,Meknes,4
CMP0177,295,584826969.68,1982464.3,45148402.51,34757.36,4634067.42,China,211172937.55,303397251.45,0.696,0.7729,0.1833,13.1,0,1.55,2020-01-22,2024-12-28,1802,textile,medium,3,Meknes,8
CMP0178,97,25879351.8,266797.44,5590106.15,6620.39,629661.34,India,9627865.31,9464808.41,1.0172,0.5979,0.117,10.29,0,1.61,2020-01-09,2024-12-04,1791,tech,small,4,Fes,4
CMP0179,92,56838395.0,617808.64,25908719.26,182.09,2701602.09,France,31048754.81,20610367.8,1.5065,0.7391,0.5392,27.61,0,1.63,2020-02-12,2024-12-28,1781,agriculture,small,14,Azrou,4
CMP0180,113,42154543.07,373049.05,2562722.41,348.09,494085.12,France,1987206.78,32089752.9,0.0619,0.6726,0.1186,11.74,0,1.68,2020-01-01,2024-12-03,1798,agriculture,small,2,Fes,11
CMP0181,290,1185439066.69,4087720.92,89364172.36,48180.72,6858583.22,China,522245973.1,435044521.46,1.2004,0.7759,0.6622,32.57,0,1.59,2020-01-12,2024-12-29,1813,industry,medium,26,Sefrou,11
CMP0182,793,13472290262.09,16989016.72,2068070630.03,10093.89,77958010.68,France,3180080694.67,7938793550.2,0.4006,0.7049,0.3055,18.89,0,1.75,2020-01-01,2024-12-24,1819,agriculture,large,7,Meknes,33
CMP0183,96,37851108.37,394282.38,2634457.35,364.3,586596.79,France,7470695.91,23611080.67,0.3164,0.7396,0.2283,16.13,0,1.74,2020-04-10,2024-12-10,1705,agriculture,small,11,Fes,11
CMP0184,100,39357813.37,393578.13,5266928.26,1643.01,609773.63,France,3705295.18,31403587.67,0.118,0.67,0.1123,10.87,0,1.67,2020-01-12,2024-12-06,1790,agriculture,small,11,Azrou,4
CMP0185,81,2775364.97,34263.77,427156.85,208.07,67387.21,Senegal,301566.5,441483.38,0.6831,0.2099,0.2273,15.78,0,1.98,2020-01-17,2024-12-14,1793,services,small,1,Fes,8
CMP0186,115,27542026.73,239495.88,1227024.99,6254.33,256671.64,France,8935102.35,13766331.7,0.6491,0.7478,0.2065,13.42,0,1.51,2020-01-01,2024-12-28,1823,textile,small,12,Meknes,8
CMP0187,104,30013794.44,288594.18,2011540.63,2637.72,369187.46,USA,13818321.59,5305970.66,2.6043,0.6154,0.3641,19.97,0,1.56,2020-01-08,2024-12-18,1806,tech,small,6,Azrou,9
CMP0188,113,41186826.52,364485.19,2659404.9,711.97,489800.97,China,13299574.83,19968547.1,0.666,0.7345,0.2557,16.94,0,1.7,2020-01-15,2024-12-26,1807,trade,small,3,Fes,5
CMP0189,88,2445990.95,27795.35,298609.75,1886.26,44857.1,France,737255.93,172615.31,4.2711,0.1818,0.382,23.45,0,1.92,2020-02-17,2024-11-11,1729,services,small,18,Ifrane,4
CMP0190,285,63623807.01,223241.43,3314308.87,406.34,489727.78,France,16678671.78,11413271.03,1.4613,0.1825,0.1536,13.43,0,1.92,2020-01-01,2024-12-26,1821,services,medium,1,Meknes,17
CMP0191,100,71925147.58,719251.48,40837410.85,6420.96,4080749.65,Germany,11395079.37,14546410.54,0.7834,0.75,0.4888,25.65,0,1.58,2020-03-24,2024-12-27,1739,textile,small,10,Ifrane,3
CMP0192,294,70737811.71,240604.8,14397427.35,623.55,985007.27,France,10854698.99,6589616.61,1.6472,0.2415,0.2631,17.84,0,1.9,2020-01-01,2024-12-27,1822,services,medium,7,Sefrou,11
CMP0193,338,603304321.03,1784924.03,45071178.99,23142.16,3484479.97,China,205541620.98,327316290.59,0.628,0.7544,0.2915,16.96,0,1.53,2020-01-02,2024-12-26,1820,textile,medium,7,Meknes,10
CMP0194,337,733806396.87,2177467.05,25899976.85,751.75,3213684.02,France,118053398.36,464420914.34,0.2542,0.7122,0.0743,10.63,0,1.79,2020-01-08,2024-12-18,1806,agriculture,medium,11,Fes,8
CMP0195,94,71033281.9,755673.21,6365997.77,19466.34,942433.42,China,37709165.69,27334455.53,1.3795,0.734,0.1289,11.01,0,1.62,2020-03-20,2024-12-30,1746,industry,small,19,Meknes,4
CMP0196,314,775432033.23,2469528.77,16174687.49,584.83,3030269.05,France,89240514.53,575873602.27,0.155,0.7229,0.1537,12.4,0,1.72,2020-01-03,2024-12-29,1822,agriculture,medium,13,Fes,16
CMP0197,300,115649382.47,385497.94,63926110.33,486.4,3693689.75,France,4429800.39,7210415.46,0.6144,0.1967,0.061,9.8,0,1.94,2020-01-01,2024-12-29,1824,services,medium,8,Meknes,16
CMP0198,108,34101008.58,315750.08,2609910.96,151.12,451119.62,France,4012711.06,21975341.9,0.1826,0.7407,0.4466,25.48,0,1.8,2020-01-05,2024-12-20,1811,agriculture,small,13,Fes,7
CMP0199,118,89995892.32,762677.05,4959259.12,8937.88,965937.82,France,59200647.64,19290809.93,3.0689,0.7797,0.312,18.38,0,1.56,2020-02-22,2024-12-25,1768,industry,small,6,Fes,4
CMP0200,88,19873058.83,225830.21,4214474.57,5961.46,481890.8,USA,6293354.54,2466292.26,2.5517,0.5227,0.0234,6.58,0,1.62,2020-01-20,2024-10-19,1734,tech,small,16,Fes,8
CMP0201,105,43205174.57,411477.85,6747121.38,277.07,780517.41,France,4544507.62,34552785.18,0.1315,0.7524,0.1824,14.23,0,1.7,2020-03-28,2024-12-22,1730,agriculture,small,2,Ifrane,3
CMP0202,308,515476695.83,1673625.64,66070710.35,26998.9,4080445.06,China,226689225.31,237102130.19,0.9561,0.7565,0.179,12.76,0,1.53,2020-01-10,2024-12-16,1802,textile,medium,4,Meknes,13
CMP0203,118,28089680.23,238048.14,1609764.4,7224.71,328460.16,USA,10226800.52,10101264.43,1.0124,0.5,0.4907,25.79,0,1.61,2020-01-31,2024-12-13,1778,tech,small,1,Meknes,6
CMP0204,103,38934712.03,378006.91,2624030.48,3248.92,498903.08,China,17638499.23,15096803.04,1.1684,0.7282,0.6176,30.56,0,1.61,2020-01-07,2024-12-22,1811,trade,small,12,Fes,3
CMP0205,114,42811959.42,375543.5,2654337.76,124.28,492820.67,France,4751401.0,27848103.36,0.1706,0.7544,0.3298,20.12,0,1.68,2020-02-04,2024-12-26,1787,agriculture,small,1,Khénifra,1
CMP0206,114,67691851.84,593788.17,27604611.5,428.37,2591854.77,UAE,42759967.98,18088213.3,2.364,0.7281,0.6288,31.68,0,1.79,2020-01-09,2024-12-05,1792,trade,small,2,Fes,5
CMP0207,852,22126634442.55,25970228.22,407193193.42,464698.43,35275814.5,China,11491510835.38,7538818594.13,1.5243,0.7629,0.1889,13.29,0,1.59,2020-01-05,2024-12-29,1820,industry,large,2,Meknes,29
CMP0208,311,895966569.96,2880921.45,81059392.04,2763.18,5538457.29,France,335946059.57,411647901.59,0.8161,0.7363,0.2712,16.43,0,1.58,2020-01-08,2024-12-19,1807,trade,medium,9,Fes,43
CMP0209,801,12177912872.2,15203386.86,1044046608.85,118180.18,52001708.61,France,4570038411.0,5936098592.8,0.7699,0.7628,0.19,12.96,0,1.51,2020-01-07,2024-12-30,1819,textile,large,8,Ifrane,15
CMP0210,109,86047881.02,789430.1,61720048.65,3444.26,5898615.2,Germany,75878615.65,2100586.41,36.1226,0.5596,0.1754,12.46,0,1.59,2020-02-04,2024-11-20,1751,tech,small,13,Fes,5
CMP0211,98,20871477.37,212974.26,1182168.03,6005.75,268007.99,China,8237976.56,3854341.75,2.1373,0.551,0.2599,16.78,0,1.68,2020-03-12,2024-12-24,1748,tech,small,19,Fes,4
CMP0212,88,73967624.39,840541.19,3564996.28,20952.81,768193.67,China,28819952.84,31958109.42,0.9018,0.8182,0.2484,16.42,0,1.55,2020-04-17,2024-12-27,1715,industry,small,15,Meknes,8
CMP0213,301,541621736.61,1799407.76,56431760.41,24640.26,3814452.34,USA,286181242.69,105624490.96,2.7094,0.6013,0.3341,18.81,0,1.58,2020-01-15,2024-12-24,1805,tech,medium,14,Meknes,8
CMP0214,329,72110634.29,219181.26,8727728.84,766.0,637911.68,France,25347784.87,11125030.05,2.2784,0.1611,0.2759,17.77,0,1.92,2020-01-07,2024-12-22,1811,services,medium,17,Fes,13
CMP0215,343,926294425.13,2700566.84,35888348.61,2776.59,3511335.35,China,393802247.27,376526620.65,1.0459,0.7055,0.2756,17.08,0,1.66,2020-01-27,2024-12-29,1798,trade,medium,3,Fes,12
CMP0216,850,30852422680.15,36296967.86,4286545860.17,222546.89,177786112.58,China,16159742888.39,10605917911.37,1.5237,0.7718,0.5502,28.18,0,1.6,2020-01-01,2024-12-29,1824,industry,large,29,Fes,63
CMP0217,306,832680519.52,2721178.17,26907704.37,1169.05,3754689.84,Spain,101016351.55,590729721.21,0.171,0.7353,0.103,11.09,0,1.71,2020-01-01,2024-12-30,1825,agriculture,medium,10,Meknes,22
CMP0218,304,1427653843.99,4696229.75,138982948.82,73160.58,9446948.36,China,645913417.55,468400324.96,1.379,0.7829,0.3989,21.94,0,1.58,2020-01-27,2024-12-27,1796,industry,medium,4,Fes,14
CMP0219,314,583335303.84,1857755.74,73160136.15,30701.03,4437206.92,France,228372472.67,296380933.84,0.7705,0.7611,0.2295,14.43,0,1.49,2020-01-26,2024-12-23,1793,textile,medium,1,Ifrane,14
CMP0220,329,62040951.18,188574.32,3525647.75,298.21,406649.12,France,20142332.95,7148609.4,2.8177,0.1854,0.4517,25.05,0,1.91,2020-01-26,2024-12-20,1790,services,medium,2,Meknes,14
CMP0221,299,496515913.39,1660588.34,10005518.61,22785.58,1979445.25,China,204152538.4,227177897.28,0.8986,0.7592,0.1962,13.18,0,1.56,2020-01-01,2024-12-29,1824,textile,medium,1,Fes,17
CMP0222,318,82422778.76,259191.13,6840770.38,538.9,597805.94,Spain,12052997.11,13274760.65,0.908,0.2453,0.02,7.89,0,1.89,2020-01-03,2024-12-27,1820,services,medium,2,Meknes,22
CMP0223,109,4878449.59,44756.42,1199014.55,2244.86,120514.84,France,723933.65,565252.72,1.2807,0.2294,0.0546,9.09,0,1.84,2020-02-13,2024-11-25,1747,services,small,8,Khénifra,6
CMP0224,119,90021898.33,756486.54,41567320.34,173.55,3810690.31,China,27883740.07,56269652.4,0.4955,0.7563,0.25,16.91,0,1.7,2020-02-09,2024-12-21,1777,trade,small,28,Fes,4
CMP0225,87,36437901.94,418826.46,3816520.14,146.37,565482.47,China,10440931.83,10067104.91,1.0371,0.7241,0.5575,28.03,0,1.64,2020-01-06,2024-11-16,1776,trade,small,11,Khénifra,5
CMP0226,307,793412538.66,2584405.66,54535250.44,972.69,4714208.43,France,75367449.29,536886611.62,0.1404,0.759,0.2722,18.06,0,1.72,2020-01-07,2024-12-30,1819,agriculture,medium,1,Meknes,7
CMP0227,838,17121248350.79,20431083.95,2227574676.88,4506.1,95412956.69,France,1980961873.54,13080964588.66,0.1514,0.7434,0.3353,20.37,0,1.71,2020-01-04,2024-12-30,1822,agriculture,large,8,Sefrou,26
CMP0228,300,509190177.67,1697300.59,9857921.67,17497.76,2024778.69,France,192361564.65,223599504.55,0.8603,0.7567,0.3646,19.79,0,1.51,2020-01-01,2024-12-27,1822,textile,medium,6,Fes,11
CMP0229,317,1152062643.73,3634267.01,100733677.67,3221.94,7841642.67,China,360162962.26,571096340.15,0.6307,0.7256,0.3026,18.59,0,1.68,2020-01-01,2024-12-24,1819,trade,medium,19,Ifrane,16
CMP0230,294,1330969436.73,4527106.93,104205680.17,42561.69,7427550.79,China,671008315.77,481989634.76,1.3922,0.7551,0.1541,12.37,0,1.6,2020-01-01,2024-12-25,1820,industry,medium,20,Meknes,34
CMP0231,101,125976568.29,1247292.76,51985467.93,18550.5,5170679.16,China,85720807.82,20467602.34,4.1881,0.7228,0.3746,20.51,0,1.66,2020-02-19,2024-12-13,1759,industry,small,4,Fes,6
CMP0232,310,1338033750.71,4316237.91,99569247.46,51866.91,7313970.37,China,739671729.67,421681242.88,1.7541,0.7355,0.1274,10.9,0,1.57,2020-01-02,2024-12-28,1822,industry,medium,2,Fes,12
CMP0233,103,160561136.03,1558845.98,84035927.05,23554.12,8258199.64,China,49475127.49,104531170.05,0.4733,0.767,0.2524,16.12,0,1.6,2020-01-01,2024-12-09,1804,industry,small,6,Fes,3
CMP0234,100,35499466.25,354994.66,2630976.21,260.92,508019.15,Ivory Coast,670485.41,26337938.13,0.0255,0.72,0.3112,20.55,0,1.82,2020-01-13,2024-11-19,1772,agriculture,small,1,Fes,7
CMP0235,115,136572999.21,1187591.3,30135788.94,15194.19,2965963.38,China,59428970.36,71528855.64,0.8308,0.7391,0.5843,29.24,0,1.58,2020-02-06,2024-12-20,1779,industry,small,1,Meknes,5
CMP0236,864,1161609531.71,1344455.48,246326191.51,2880.67,8790052.96,France,269076552.41,172563627.8,1.5593,0.1968,0.02,8.08,0,1.9,2020-01-01,2024-12-28,1823,services,large,2,Fes,23
CMP0237,313,771958340.96,2466320.58,196817163.03,19085.02,11263291.61,France,183126172.96,510437420.69,0.3588,0.7188,0.3508,19.62,0,1.54,2020-01-03,2024-12-30,1823,textile,medium,15,Azrou,18
CMP0238,112,104341926.58,931624.34,4903039.18,17412.71,1083913.29,China,47483867.26,40148129.18,1.1827,0.7589,0.2773,16.36,0,1.6,2020-01-16,2024-12-24,1804,industry,small,1,Fes,9
CMP0239,317,93030085.86,293470.3,7075468.13,674.31,662242.05,France,9230192.4,15932994.2,0.5793,0.2524,0.1525,13.0,0,1.84,2020-01-09,2024-12-16,1803,services,medium,6,Fes,11
CMP0240,841,14819266034.38,17621005.99,1262201035.59,3854.84,63259519.26,France,3781009276.5,8315232108.91,0.4547,0.7039,0.1779,13.96,0,1.77,2020-01-01,2024-12-30,1825,agriculture,large,5,Fes,20
CMP0241,101,3286537.76,32539.98,515787.36,202.76,72263.77,France,145496.74,1237942.16,0.1175,0.1683,0.1788,14.27,0,1.9,2020-02-08,2024-12-04,1761,services,small,8,Meknes,5
CMP0242,111,29169916.37,262792.04,3401661.61,2243.31,406646.83,France,10858415.83,13919622.45,0.7801,0.7027,0.3578,19.22,0,1.49,2020-02-23,2024-12-16,1758,textile,small,3,Meknes,6
CMP0243,94,3452287.32,36726.46,633910.02,1116.27,89327.48,France,1017289.56,565990.59,1.7974,0.1277,0.02,8.28,0,1.94,2020-01-29,2024-12-25,1792,services,small,9,Meknes,6
CMP0244,332,750476981.99,2260472.84,23666160.45,1601.18,3224303.37,France,90820521.3,549600817.08,0.1652,0.7108,0.2487,16.88,0,1.78,2020-01-03,2024-12-30,1823,agriculture,medium,1,Fes,15
CMP0245,310,809657018.87,2611796.84,109575426.72,28432.5,8936301.54,France,258640453.72,474071147.58,0.5456,0.771,0.5924,29.22,0,1.48,2020-01-02,2024-12-21,1815,textile,medium,2,Meknes,13
CMP0246,111,47016437.86,423571.51,6203250.3,210.76,741096.14,France,5124469.31,33294441.33,0.1539,0.7297,0.1967,14.28,0,1.68,2020-01-09,2024-12-23,1810,agriculture,small,3,Azrou,3
CMP0247,119,43908378.4,368977.97,2573042.7,574.31,476042.89,France,23961272.09,15699640.27,1.5262,0.7143,0.3476,18.99,0,1.65,2020-02-23,2024-12-01,1743,trade,small,2,Azrou,9
CMP0248,822,10640272589.68,12944370.55,998241785.69,99370.0,48897707.4,China,4395422747.25,3902080958.59,1.1264,0.7652,0.066,8.11,0,1.53,2020-01-01,2024-12-29,1824,textile,large,3,Fes,49
CMP0249,99,26981599.73,272541.41,1818514.46,5124.87,400910.23,UK,10573251.39,6121908.19,1.7271,0.5152,0.0973,9.67,0,1.64,2020-01-29,2024-12-30,1797,tech,small,2,Fes,12
CMP0250,324,1730448334.38,5340889.92,310901044.69,47133.07,21023441.02,China,901884735.01,662125688.77,1.3621,0.7531,0.5406,27.74,0,1.6,2020-01-12,2024-12-20,1804,industry,medium,3,Fes,13
CMP0251,96,25935373.69,270160.14,1518249.54,6035.94,301133.71,Spain,9086876.72,13886312.84,0.6544,0.7708,0.2901,17.41,0,1.53,2020-01-13,2024-10-27,1749,textile,small,4,Fes,10
CMP0252,318,889982085.64,2798685.8,44806085.55,1504.93,4736809.65,France,104622670.79,621774263.58,0.1683,0.7075,0.3503,21.15,0,1.72,2020-01-01,2024-12-23,1818,agriculture,medium,13,Fes,30
CMP0253,861,25525700542.24,29646574.38,1259798998.16,264238.14,68058994.51,China,9976701551.7,10340699041.01,0.9648,0.7538,0.4464,23.79,0,1.6,2020-01-01,2024-12-29,1824,industry,large,18,Meknes,19
CMP0254,106,77159659.12,727921.31,4972647.76,6290.79,928128.78,China,23555236.59,42380516.01,0.5558,0.7736,0.3003,17.78,0,1.6,2020-01-02,2024-12-02,1796,industry,small,18,Meknes,3
CMP0255,839,899215808.34,1071770.93,17255967.84,2090.15,2167673.62,France,162756020.45,171942425.13,0.9466,0.211,0.3522,21.28,0,1.9,2020-01-01,2024-12-28,1823,services,large,1,Fes,36
CMP0256,868,1027891110.06,1184206.35,97999003.69,1803.04,4957497.43,Senegal,284659700.19,226406641.75,1.2573,0.197,0.253,17.35,0,1.91,2020-01-01,2024-12-27,1822,services,large,4,Fes,59
CMP0257,96,22168454.42,230921.4,1202356.57,5317.42,235897.33,France,8833057.95,8029690.74,1.1,0.8021,0.3074,17.19,0,1.44,2020-01-03,2024-12-28,1821,textile,small,2,Ifrane,7
CMP0258,302,668491717.77,2213548.73,103559978.98,35091.45,7873092.54,USA,403016150.88,93760090.57,4.2984,0.543,0.1807,13.15,0,1.6,2020-01-20,2024-12-28,1804,tech,medium,12,Meknes,19
CMP0259,109,35541895.53,326072.44,2652135.4,372.86,424532.24,Ivory Coast,6175055.23,26120564.91,0.2364,0.6881,0.1847,15.14,0,1.88,2020-01-01,2024-12-27,1822,agriculture,small,1,Fes,3
CMP0260,108,38346731.96,355062.33,1927092.84,290.35,400114.79,Senegal,4145025.28,28754920.58,0.1442,0.8148,0.0763,10.48,0,1.83,2020-01-11,2024-12-28,1813,agriculture,small,9,Meknes,6
CMP0261,843,8395347558.05,9958893.9,446831514.75,60526.84,24402944.27,USA,3420428833.74,2002319543.71,1.7082,0.5741,0.02,6.96,0,1.59,2020-01-06,2024-12-29,1819,tech,large,21,Fes,35
CMP0262,305,1545813086.64,5068239.63,156787015.51,46638.08,13297278.67,China,862954761.68,480669175.67,1.7953,0.7672,0.3366,19.33,0,1.58,2020-01-08,2024-12-29,1817,industry,medium,20,Fes,15
CMP0263,268,61860047.71,230821.07,3288249.35,495.52,460804.05,France,13672917.58,14553373.31,0.9395,0.209,0.04,9.39,0,1.92,2020-01-08,2024-12-24,1812,services,medium,5,Ifrane,12
CMP0264,121,163691764.29,1352824.5,83693184.19,18799.07,7599534.35,China,35391902.73,104854232.22,0.3375,0.686,0.3552,20.93,0,1.65,2020-01-20,2024-12-03,1779,industry,small,7,Fes,3
CMP0265,104,36245050.12,348510.1,2629219.85,325.85,504915.09,France,8352264.11,25064990.2,0.3332,0.6923,0.2503,16.72,0,1.81,2020-01-07,2024-12-12,1801,agriculture,small,2,Meknes,5
CMP0266,321,559171277.17,1741966.6,12746790.36,16384.28,2116097.37,France,155061717.22,332786939.56,0.4659,0.757,0.3604,19.4,0,1.52,2020-01-20,2024-11-27,1773,textile,medium,3,Sefrou,13
CMP0267,309,1533407281.76,4962483.11,148039195.9,47618.11,11336336.49,China,843722622.0,401976744.6,2.0989,0.7864,0.4822,25.64,0,1.6,2020-01-01,2024-12-30,1825,industry,medium,1,Meknes,11
CMP0268,822,7829289733.47,9524683.37,687919201.85,93674.65,35398694.42,USA,3148637893.34,1479132102.32,2.1287,0.5852,0.1788,12.93,0,1.56,2020-01-01,2024-12-29,1824,tech,large,2,Meknes,43
CMP0269,104,108719443.71,1045379.27,39321168.48,10797.85,3867779.23,France,37029173.97,65104591.61,0.5688,0.7788,0.2288,14.94,0,1.58,2020-01-29,2024-11-28,1765,industry,small,1,Meknes,4
CMP0270,309,1336652376.53,4325735.85,26315527.71,63159.19,4997197.84,China,775084273.37,377628423.59,2.0525,0.7961,0.5523,28.62,0,1.59,2020-01-10,2024-12-26,1812,industry,medium,1,Sefrou,12
CMP0271,100,24081548.74,240815.49,3129165.33,6159.11,365547.69,China,13284212.06,6652949.23,1.9967,0.76,0.5873,28.66,0,1.53,2020-02-16,2024-12-27,1776,textile,small,11,Meknes,3
CMP0272,289,513963766.64,1778421.34,11258239.19,18669.43,2078706.16,France,197123829.16,235446847.33,0.8372,0.7543,0.312,17.55,0,1.5,2020-01-05,2024-12-25,1816,textile,medium,2,Fes,7
CMP0273,103,153875695.1,1493938.79,50804634.16,18706.72,5248112.37,China,110037672.67,33917950.89,3.2442,0.767,0.4066,22.49,0,1.63,2020-01-13,2024-12-26,1809,industry,small,1,Meknes,3
CMP0274,330,731149251.71,2215603.79,177232986.4,19018.14,10288324.04,France,274685275.58,383048247.89,0.7171,0.7182,0.2958,17.26,0,1.55,2020-01-07,2024-12-29,1818,textile,medium,4,Meknes,13
CMP0275,112,82193636.28,733871.75,4419901.46,14665.23,904713.5,China,29687269.58,33836391.5,0.8774,0.8036,0.3657,20.85,0,1.62,2020-01-04,2024-12-23,1815,industry,small,7,Fes,9
CMP0276,109,26059486.14,239077.85,1365134.0,4817.01,266936.84,France,7582872.75,14399338.11,0.5266,0.7798,0.2613,15.65,0,1.47,2020-01-05,2024-12-13,1804,textile,small,1,Fes,9
CMP0277,97,46181079.43,476093.6,11434919.63,228.02,1236373.85,France,3385133.25,40344062.25,0.0839,0.732,0.3723,22.11,0,1.78,2020-02-25,2024-12-08,1748,agriculture,small,1,Fes,5
CMP0278,343,1082450540.31,3155832.48,150293679.7,585.61,9325870.3,France,170139794.67,619226193.84,0.2748,0.723,0.3706,21.97,0,1.77,2020-01-13,2024-12-28,1811,agriculture,medium,3,Meknes,9
CMP0279,312,963123034.97,3086932.8,97140365.31,2798.26,6758035.67,China,496952916.94,313568905.39,1.5848,0.6955,0.2545,16.61,0,1.72,2020-01-07,2024-12-19,1808,trade,medium,1,Fes,18
CMP0280,113,29779726.06,263537.4,3269252.83,3698.94,422789.56,Germany,6825828.47,16607488.99,0.411,0.7345,0.3968,21.67,0,1.51,2020-02-18,2024-12-22,1769,textile,small,1,Meknes,7
CMP0281,104,39123734.93,376189.76,11759587.28,7545.38,1166402.58,China,6575525.06,27014780.02,0.2434,0.7692,0.3097,17.45,0,1.59,2020-02-26,2024-12-25,1764,textile,small,1,Fes,9
CMP0282,813,10414212680.66,12809609.69,1622376204.78,107005.81,59330849.35,China,4895395207.93,4598620443.79,1.0645,0.7392,0.2011,13.49,0,1.53,2020-01-04,2024-12-30,1822,textile,large,10,Azrou,40
CMP0283,854,1243704070.16,1456327.95,208030393.38,1079.55,8715343.57,Senegal,290861145.99,143381863.13,2.0286,0.2049,0.1424,12.94,0,1.93,2020-01-11,2024-12-26,1811,services,large,13,Fes,23
CMP0284,104,24529089.41,235856.63,1571538.7,4738.38,309111.29,France,12038462.01,9216506.53,1.3062,0.6923,0.3199,18.48,0,1.52,2020-01-05,2024-12-04,1795,textile,small,1,Meknes,8
CMP0285,112,33642747.24,300381.67,1863727.94,435.14,383922.65,Ivory Coast,3541985.67,20088512.75,0.1763,0.6786,0.4538,25.5,0,1.86,2020-02-04,2024-12-27,1788,agriculture,small,23,Fes,5
CMP0286,257,454388829.29,1768049.92,37042116.41,34647.67,3214174.01,Germany,180962508.68,145165429.24,1.2466,0.5681,0.1666,12.52,0,1.57,2020-01-02,2024-12-23,1817,tech,medium,3,Fes,14
CMP0287,826,18264020329.18,22111404.76,1849007893.19,8687.59,75265135.57,China,7655923006.56,8240873686.54,0.929,0.7361,0.2993,18.13,0,1.69,2020-01-01,2024-12-28,1823,trade,large,12,Fes,30
CMP0288,323,978348854.17,3028943.82,44691965.8,2146.26,4553821.53,China,356413547.24,375044022.09,0.9503,0.7059,0.2464,15.99,0,1.66,2020-01-02,2024-12-21,1815,trade,medium,13,Fes,17
CMP0289,97,36325777.31,374492.55,2488161.9,1357.65,444726.2,China,14489727.82,18421516.37,0.7866,0.7113,0.4225,23.58,0,1.7,2020-03-01,2024-12-21,1756,trade,small,1,Meknes,6
CMP0290,116,9750711.06,84057.85,5419050.33,194.68,504296.73,France,6056670.01,711793.48,8.509,0.1724,0.3322,20.39,0,1.93,2020-03-27,2024-12-20,1729,services,small,4,Meknes,3
CMP0291,107,86560349.65,808975.23,6113492.62,8824.23,1062140.46,China,31053526.89,36266398.26,0.8563,0.8037,0.3282,17.91,0,1.49,2020-02-05,2024-12-13,1773,industry,small,6,Fes,7
CMP0292,98,42852106.53,437266.39,2514306.67,320.84,534882.38,Ivory Coast,6688185.4,34656776.49,0.193,0.7245,0.1189,13.0,0,1.91,2020-01-21,2024-12-03,1778,agriculture,small,4,Khénifra,8
CMP0293,107,1932642.96,18062.08,158099.73,330.33,26032.12,Senegal,327593.6,371964.82,0.8807,0.1121,0.2377,16.74,0,1.99,2020-01-09,2024-11-24,1781,services,small,5,Sefrou,3
CMP0294,112,30034031.73,268161.0,1745302.21,5081.13,367848.36,UK,15540715.38,5137891.0,3.0247,0.5446,0.0619,7.96,0,1.58,2020-01-01,2024-12-22,1817,tech,small,5,Fes,3
CMP0295,113,25329248.55,224152.64,2000513.9,5054.38,361206.65,USA,10037960.69,4091965.53,2.4531,0.5398,0.2786,17.16,0,1.59,2020-02-23,2024-12-25,1767,tech,small,2,Fes,3
CMP0296,322,947499571.91,2942545.25,89802885.19,2046.9,6065852.63,China,408603189.58,328787981.2,1.2428,0.7143,0.1965,14.43,0,1.67,2020-01-09,2024-12-24,1811,trade,medium,11,Azrou,26
CMP0297,324,715163575.04,2207294.98,56027576.36,18186.9,4484189.72,China,281275934.71,305367065.43,0.9211,0.7531,0.0922,8.9,0,1.54,2020-01-09,2024-12-28,1815,textile,medium,25,Meknes,10
CMP0298,96,49187918.51,512374.15,13875536.17,465.74,1447581.32,Spain,2519005.41,38020032.46,0.0663,0.75,0.3469,19.8,0,1.75,2020-01-08,2024-12-17,1805,agriculture,small,2,Meknes,7
CMP0299,108,35850012.27,331944.56,2489135.24,237.08,494094.17,France,10649233.5,18968947.26,0.5614,0.6296,0.2086,15.58,0,1.69,2020-01-07,2024-12-21,1810,trade,small,1,Ifrane,6
CMP0300,100,46719197.42,467191.97,2636382.43,400.79,574135.0,France,26485887.78,13970864.67,1.8958,0.7,0.4063,23.69,0,1.71,2020-02-04,2024-12-23,1784,trade,small,1,Fes,7
CMP0301,125,32743659.1,261949.27,1995474.08,4894.81,349773.31,France,15958510.42,8603270.72,1.8549,0.6,0.1488,11.31,0,1.52,2020-01-13,2024-12-21,1804,tech,small,27,Meknes,2
CMP0302,111,47455366.42,427525.82,3021867.79,251.65,556902.24,France,7213279.89,34237539.55,0.2107,0.7477,0.3463,20.18,0,1.74,2020-01-11,2024-12-26,1811,agriculture,small,18,Meknes,8
CMP0303,326,733509575.29,2250029.37,16222044.1,901.05,2672644.65,France,69420692.47,555179410.45,0.125,0.7546,0.2213,15.19,0,1.69,2020-01-01,2024-12-16,1811,agriculture,medium,2,Fes,19
CMP0304,307,63875254.66,208062.72,2382772.05,1414.83,380229.69,France,14823579.2,11043597.69,1.3423,0.2215,0.1202,12.31,0,1.88,2020-01-16,2024-12-28,1808,services,medium,1,Khénifra,20
CMP0305,119,77571371.82,651860.27,39723927.33,7906.9,3658138.85,China,14222099.27,58241267.98,0.2442,0.7899,0.5721,28.49,0,1.5,2020-01-01,2024-12-28,1823,textile,small,2,Meknes,3
CMP0306,96,2814466.61,29317.36,248221.92,848.27,48269.29,Spain,581120.7,328864.46,1.7671,0.1875,0.1632,14.14,0,1.9,2020-01-15,2024-12-29,1810,services,small,2,Fes,7
CMP0307,123,31449632.1,255688.07,3268554.81,3305.97,434715.7,France,12076630.78,12817795.2,0.9422,0.6341,0.2388,14.89,0,1.56,2020-01-10,2024-12-21,1807,textile,small,1,Meknes,3
CMP0308,95,76191909.85,802020.1,44599578.79,201.69,4563847.78,France,1799338.0,71189901.3,0.0253,0.7789,0.0602,9.33,0,1.64,2020-05-16,2024-12-13,1672,agriculture,small,9,Meknes,5
CMP0309,87,25898574.96,297684.77,2261498.57,4554.72,375415.71,Italy,10719178.43,10558208.22,1.0152,0.7586,0.2932,16.66,0,1.51,2020-02-03,2024-12-11,1773,textile,small,2,Fes,5
CMP0310,311,87973686.41,282873.59,21812919.32,1569.92,1321391.11,France,37995100.67,10625752.51,3.5758,0.1994,0.4182,23.35,0,1.9,2020-01-02,2024-12-29,1823,services,medium,2,Meknes,16
CMP0311,101,24299366.84,240587.79,1630051.36,3838.16,265183.36,Spain,9562607.62,12417296.14,0.7701,0.7624,0.2181,13.65,0,1.46,2020-01-29,2024-12-26,1793,textile,small,18,Meknes,6
CMP0312,90,78039378.82,867104.21,15461547.72,18722.75,1823640.29,China,28913180.01,26551514.53,1.0889,0.7111,0.4134,22.86,0,1.61,2020-01-01,2024-12-15,1810,industry,small,2,Meknes,6
CMP0313,318,688651521.77,2165570.82,84514926.63,13643.83,6052113.6,France,376672126.29,233062859.72,1.6162,0.7264,0.2336,14.73,0,1.53,2020-01-02,2024-12-26,1820,textile,medium,1,Azrou,14
CMP0314,117,30142026.49,257624.16,1586087.87,7024.5,330895.61,China,7462141.08,14997263.78,0.4976,0.7436,0.3961,21.85,0,1.52,2020-03-11,2024-12-03,1728,textile,small,1,Meknes,5
CMP0315,88,3579858.61,40680.21,274453.52,200.23,58651.2,France,656581.65,843307.82,0.7786,0.25,0.0291,8.97,0,1.92,2020-03-12,2024-12-12,1736,services,small,19,Fes,3
CMP0316,84,3607579.48,42947.37,617112.32,1884.37,97974.17,Senegal,879585.09,983469.13,0.8944,0.2024,0.2089,14.95,0,1.96,2020-01-03,2024-12-30,1823,services,small,16,Azrou,4
CMP0317,324,564406806.2,1741996.32,58236412.4,27271.6,3654719.68,China,191287846.8,304374945.89,0.6285,0.7593,0.2712,15.99,0,1.51,2020-01-12,2024-12-24,1808,textile,medium,11,Meknes,11
CMP0318,113,34385005.24,304292.08,4782131.8,5101.09,527200.57,France,11002281.1,16789521.79,0.6553,0.7522,0.1731,12.47,0,1.49,2020-01-16,2024-12-22,1802,textile,small,8,Sefrou,6
CMP0319,90,6654713.47,73941.26,3848874.82,18.21,408157.32,France,4211944.54,357745.82,11.7736,0.1778,0.3713,21.61,0,1.94,2020-01-07,2024-12-10,1799,services,small,8,Fes,4
CMP0320,86,29809443.67,346621.44,2106537.59,1331.46,429359.2,France,15870860.74,9439846.45,1.6813,0.686,0.2116,14.18,0,1.7,2020-01-26,2024-12-22,1792,trade,small,3,Meknes,5
CMP0321,117,41730286.01,356669.11,2431238.45,155.84,472304.08,France,4875024.06,32486609.28,0.1501,0.7265,0.4755,26.53,0,1.85,2020-01-05,2024-12-28,1819,agriculture,small,19,Meknes,6
CMP0322,101,88900817.19,880206.11,10207851.09,12155.42,1317227.78,China,38060282.25,29227371.49,1.3022,0.7327,0.351,19.5,0,1.59,2020-01-12,2024-12-21,1805,industry,small,2,Fes,3
CMP0323,110,35549620.26,323178.37,2224899.0,648.79,403254.02,France,13900314.02,12996124.42,1.0696,0.6818,0.3619,21.09,0,1.65,2020-01-08,2024-12-29,1817,trade,small,4,Fes,4
CMP0324,308,58519005.24,189996.77,3286000.78,3233.66,398083.83,Spain,8456034.84,10615198.9,0.7966,0.1688,0.589,30.89,0,1.91,2020-01-07,2024-12-23,1812,services,medium,11,Sefrou,15
CMP0325,308,815772155.41,2648610.89,160732739.72,30246.63,10785058.53,China,192078467.23,506862294.91,0.379,0.7468,0.4358,23.42,0,1.59,2020-01-07,2024-12-30,1819,textile,medium,1,Fes,22
CMP0326,110,37304460.17,339131.46,2229265.33,252.66,433778.72,Spain,1009404.75,26566284.88,0.038,0.6273,0.0915,10.84,0,1.72,2020-04-10,2024-12-08,1703,agriculture,small,6,Meknes,5
CMP0327,331,66473469.72,200826.19,3321108.31,504.11,454335.38,France,10831941.85,9387164.15,1.1539,0.2115,0.2316,16.4,0,1.9,2020-01-09,2024-12-30,1817,services,medium,3,Fes,31
CMP0328,333,1211946107.45,3639477.8,116180826.64,2069.5,7535802.24,Spain,401152990.78,630462624.23,0.6363,0.7477,0.2545,16.35,0,1.71,2020-01-17,2024-12-26,1805,trade,medium,1,Meknes,8
CMP0329,108,3932962.88,36416.32,342803.76,189.17,58905.72,France,861367.83,1079742.84,0.7978,0.2315,0.02,8.26,0,1.88,2020-01-02,2024-12-29,1823,services,small,20,Fes,5
CMP0330,302,65384422.32,216504.71,4794995.21,943.71,475772.23,Senegal,10860834.47,12669397.78,0.8572,0.2053,0.1078,11.13,0,1.93,2020-01-09,2024-12-29,1816,services,medium,1,Fes,11
CMP0331,105,24890807.57,237055.31,1147993.87,5103.0,301910.7,USA,12083054.25,6122064.33,1.9737,0.4571,0.1863,13.61,0,1.67,2020-01-03,2024-12-28,1821,tech,small,13,Fes,2
CMP0332,321,1670510853.87,5204083.66,126749153.03,62515.87,8832749.5,China,823557425.14,615541571.38,1.3379,0.7788,0.7234,34.97,0,1.6,2020-01-11,2024-12-28,1813,industry,medium,1,Khénifra,22
CMP0333,100,3961093.52,39610.94,662132.88,1215.35,85117.65,Spain,587346.49,419170.01,1.4012,0.15,0.4004,24.4,0,1.9,2020-02-03,2024-12-01,1763,services,small,14,Fes,2
CMP0334,102,87497569.37,857819.31,4717988.7,12814.77,1091317.79,China,32997395.54,39227438.03,0.8412,0.7549,0.5411,27.13,0,1.6,2020-01-01,2024-11-21,1786,industry,small,8,Meknes,2
CMP0335,292,558443225.69,1912476.8,123456058.77,23699.44,7428565.1,USA,332304825.45,81797591.54,4.0625,0.5445,0.342,19.96,0,1.63,2020-01-16,2024-12-30,1810,tech,medium,1,Meknes,18
CMP0336,338,1283102385.97,3796160.91,384704031.88,2698.68,21127256.88,France,93250996.22,668329097.98,0.1395,0.6805,0.2011,14.49,0,1.65,2020-01-02,2024-12-12,1806,agriculture,medium,11,Meknes,19
CMP0337,306,1114300001.6,3641503.27,213094476.79,1734.24,12594379.26,China,416450488.2,319502081.1,1.3034,0.7451,0.52,27.56,0,1.72,2020-01-04,2024-12-27,1819,trade,medium,8,Meknes,16
CMP0338,98,25129708.47,256425.6,2599499.45,3780.62,358214.22,France,8233254.86,10202530.2,0.807,0.7449,0.3457,18.46,0,1.51,2020-01-06,2024-12-10,1800,textile,small,1,Fes,3
CMP0339,107,27756166.92,259403.43,1471578.19,4162.12,316570.72,France,12899993.3,9497885.79,1.3582,0.785,0.3428,19.38,0,1.52,2020-01-25,2024-10-04,1714,textile,small,3,Meknes,6
CMP0340,346,1501223556.9,4338796.41,507349084.04,2202.51,27463531.57,Spain,426326311.84,949416393.82,0.449,0.7052,0.5595,29.18,0,1.71,2020-01-06,2024-12-24,1814,trade,medium,2,Fes,9
CMP0341,310,499155484.68,1610178.98,10482355.83,16191.27,1918613.95,China,199710971.07,205346100.88,0.9726,0.7194,0.4571,23.96,0,1.57,2020-01-05,2024-12-19,1810,textile,medium,13,Ifrane,11
CMP0342,104,61689280.02,593166.15,22388967.97,599.48,2211361.53,France,6314524.76,48813060.92,0.1294,0.7404,0.4446,22.93,0,1.61,2020-01-09,2024-12-10,1797,agriculture,small,19,Fes,8
CMP0343,316,480101262.73,1519307.79,25205821.86,27090.09,2146981.21,China,178378881.66,233646926.71,0.7635,0.7563,0.3873,20.41,0,1.54,2020-01-01,2024-12-24,1819,textile,medium,2,Sefrou,17
CMP0344,100,41748047.68,417480.48,3109292.78,242.46,568929.77,Spain,23429546.49,12364102.34,1.895,0.74,0.2658,16.95,0,1.63,2020-01-12,2024-12-20,1804,trade,small,14,Meknes,5
CMP0345,311,505602770.44,1625732.38,13007067.21,23369.72,2207629.26,USA,196988175.44,127111537.55,1.5497,0.5916,0.2991,17.81,0,1.57,2020-01-08,2024-12-29,1817,tech,medium,8,Fes,19
CMP0346,292,926686637.3,3173584.37,68294695.72,3508.95,5586113.19,France,409786647.08,351206530.7,1.1668,0.7021,0.2588,16.79,0,1.64,2020-01-06,2024-12-22,1812,trade,medium,29,Meknes,33
CMP0347,303,492047992.71,1623920.77,16630525.54,5107.54,2007839.54,China,176281147.16,201422051.95,0.8752,0.7459,0.0679,8.0,0,1.52,2020-01-11,2024-12-29,1814,textile,medium,23,Khénifra,17
CMP0348,121,9166607.1,75757.08,4068956.62,778.07,374274.85,Spain,556322.48,790679.98,0.7036,0.2727,0.02,7.78,0,1.84,2020-01-13,2024-12-29,1812,services,small,8,Meknes,6
CMP0349,308,2330435841.95,7566350.14,616937797.69,65527.94,42669686.03,China,1683258063.66,413502580.07,4.0707,0.789,0.3553,20.12,0,1.58,2020-01-11,2024-12-30,1815,industry,medium,7,Meknes,11
CMP0350,304,1419410305.67,4669112.85,37032070.86,97270.44,5863690.81,China,717222406.74,536104490.87,1.3378,0.7566,0.4658,24.26,0,1.58,2020-01-06,2024-12-30,1820,industry,medium,1,Ifrane,17
CMP0351,99,45487619.58,459470.9,4604706.21,4727.22,669750.12,China,16760902.14,15383773.3,1.0895,0.7172,0.2375,15.54,0,1.74,2020-01-27,2024-12-29,1798,trade,small,3,Meknes,5
CMP0352,93,142717762.46,1534599.6,60613670.76,22947.41,6273188.97,China,107993591.43,30372766.65,3.5556,0.7419,0.4231,23.0,0,1.58,2020-03-07,2024-12-29,1758,industry,small,3,Fes,6
CMP0353,81,3049163.54,37643.99,402064.18,1456.46,68053.02,France,1015396.66,818115.43,1.2411,0.2222,0.065,9.54,0,1.91,2020-01-12,2024-12-17,1801,services,small,19,Sefrou,6
CMP0354,108,27679846.84,256294.88,1848053.64,6940.66,354688.86,USA,13238867.04,7310979.94,1.8108,0.5648,0.238,15.49,0,1.62,2020-02-25,2024-12-03,1743,tech,small,1,Fes,5
CMP0355,120,33010188.32,275084.9,4966243.8,4011.22,518526.68,China,13445726.11,14001652.0,0.9603,0.7333,0.4043,22.18,0,1.58,2020-01-02,2024-12-02,1796,textile,small,1,Fes,4
CMP0356,100,23755445.92,237554.46,1563283.16,5790.29,325012.4,China,6802612.59,12800388.32,0.5314,0.71,0.2662,15.34,0,1.59,2020-01-22,2024-12-22,1796,textile,small,1,Fes,4
CMP0357,332,657936666.65,1981736.95,69436502.96,36200.83,4397691.57,France,179465730.05,303998150.61,0.5904,0.75,0.1269,10.22,0,1.49,2020-01-03,2024-12-25,1818,textile,medium,2,Fes,14
CMP0358,102,4414378.66,43278.22,604354.88,683.88,93215.03,Senegal,986592.17,1216611.05,0.8109,0.1961,0.3416,20.88,0,1.93,2020-01-10,2024-12-25,1811,services,small,7,Fes,5
CMP0359,317,498804032.23,1573514.3,21964252.39,24955.24,2171272.08,China,205613638.94,217157601.23,0.9468,0.7792,0.1774,12.21,0,1.49,2020-01-06,2024-12-29,1819,textile,medium,3,Fes,30
CMP0360,94,23587567.37,250931.57,1572059.62,7680.66,326307.11,Italy,11425099.6,8771042.26,1.3026,0.7553,0.1939,13.05,0,1.5,2020-03-01,2024-12-23,1758,textile,small,29,Ifrane,6
CMP0361,104,7175678.49,68996.91,844046.42,1582.94,144377.04,France,1348172.44,693893.1,1.9429,0.2885,0.1654,13.19,0,1.86,2020-01-09,2024-12-15,1802,services,small,16,Meknes,7
CMP0362,113,41966904.68,371388.54,2492246.74,162.23,487201.49,France,5388214.27,32310211.36,0.1668,0.6814,0.3454,21.08,0,1.8,2020-01-30,2024-12-30,1796,agriculture,small,1,Azrou,2
CMP0363,284,472349198.36,1663201.4,17427157.85,14256.28,2156477.27,France,208605776.95,220261460.75,0.9471,0.7887,0.19,12.91,0,1.52,2020-01-01,2024-12-26,1821,textile,medium,8,Fes,16
CMP0364,116,31613527.59,272530.41,1812586.63,3884.83,321363.92,Germany,17390957.31,8204807.03,2.1196,0.6207,0.0693,8.98,0,1.53,2020-02-25,2024-12-30,1770,tech,small,27,Khénifra,3
CMP0365,93,73558428.63,790950.85,4894780.27,16097.86,1114383.11,China,35713606.84,24530233.7,1.4559,0.7312,0.4614,24.61,0,1.61,2020-01-12,2024-12-11,1795,industry,small,16,Meknes,4
CMP0366,114,30234307.31,265213.22,1661954.82,3630.81,314513.09,Germany,14684159.62,10292274.13,1.4267,0.7368,0.2621,15.67,0,1.52,2020-01-02,2024-12-24,1818,textile,small,18,Fes,3
CMP0367,107,114857546.81,1073435.02,28976915.19,12685.41,2894081.18,China,66716769.43,38171219.84,1.7478,0.7477,0.2465,15.54,0,1.62,2020-02-09,2024-12-27,1783,industry,small,4,Fes,3
CMP0368,109,24903649.59,228473.85,7317562.39,4350.04,725088.48,USA,8631332.02,3316041.16,2.6029,0.5413,0.0802,8.72,0,1.61,2020-01-20,2024-12-26,1802,tech,small,3,Meknes,7
CMP0369,88,31385479.81,356653.18,5508687.3,384.07,676814.32,Ivory Coast,3768564.95,23837317.11,0.1581,0.7045,0.3155,19.83,0,1.91,2020-01-23,2024-10-20,1732,agriculture,small,4,Fes,6
CMP0370,104,4959485.45,47687.36,660274.84,123.64,108318.63,Senegal,752976.91,1142141.46,0.6593,0.2212,0.2044,15.01,0,1.93,2020-01-07,2024-11-17,1776,services,small,1,Ifrane,5
CMP0371,88,2239074.41,25444.03,304879.28,68.0,47419.09,France,321767.64,86676.76,3.7123,0.1477,0.02,7.95,0,1.93,2020-01-31,2024-11-30,1765,services,small,2,Meknes,4
CMP0372,102,22280641.82,218437.66,1759412.6,6936.27,290662.09,USA,13938464.21,4493548.93,3.1019,0.598,0.1436,11.72,0,1.56,2020-02-01,2024-12-24,1788,tech,small,5,Meknes,3
CMP0373,95,24148879.26,254198.73,5324637.65,2051.75,591188.44,USA,14300594.01,2307311.7,6.1979,0.5158,0.1656,10.55,0,1.57,2020-01-06,2024-12-14,1804,tech,small,1,Meknes,4
CMP0374,309,78644356.96,254512.48,27803774.46,539.91,1614760.92,France,11938921.01,36587761.26,0.3263,0.1618,0.0345,8.71,0,1.92,2020-01-03,2024-12-29,1822,services,medium,17,Fes,16
CMP0375,328,852216752.33,2598221.81,92090623.81,1457.63,5809401.49,France,62219547.91,664150428.8,0.0937,0.7134,0.2609,17.77,0,1.77,2020-01-02,2024-12-29,1823,agriculture,medium,7,Meknes,11
CMP0376,105,43025968.8,409771.13,2641771.34,126.68,532856.78,Spain,18607326.13,21051258.54,0.8839,0.819,0.5377,28.03,0,1.68,2020-02-02,2024-11-30,1763,trade,small,23,Fes,3
CMP0377,110,94619699.6,860179.09,4824083.04,11558.73,964453.48,China,53587284.35,22266301.55,2.4067,0.7727,0.3654,20.73,0,1.53,2020-01-03,2024-12-09,1802,industry,small,4,Fes,8
CMP0378,117,50195261.76,429019.33,19719311.4,1964.41,1828907.11,China,34821921.18,5585638.63,6.2342,0.6154,0.0416,7.77,0,1.57,2020-01-13,2024-12-20,1803,tech,small,1,Fes,5
CMP0379,819,16983429880.68,20736788.62,1069491656.68,5024.77,51152156.79,China,6682675768.38,7576945726.96,0.882,0.7057,0.3537,20.32,0,1.65,2020-01-01,2024-12-30,1825,trade,large,9,Fes,28
CMP0380,313,1180662144.01,3772083.53,358200637.75,1192.57,20910578.69,France,112621882.7,801421016.23,0.1405,0.722,0.0378,8.92,0,1.73,2020-01-04,2024-12-17,1809,agriculture,medium,2,Meknes,7
CMP0381,98,27604890.55,281682.56,4699668.09,5222.95,546858.28,Spain,8865530.24,14120882.75,0.6278,0.7449,0.1145,10.23,0,1.55,2020-01-03,2024-12-27,1820,textile,small,21,Meknes,8
CMP0382,113,88466487.62,782889.27,4901338.77,11663.87,969883.54,China,37775312.93,37540446.79,1.0063,0.7611,0.3043,17.51,0,1.59,2020-01-01,2024-12-21,1816,industry,small,15,Fes,6
CMP0383,853,17790425721.45,20856302.14,2003999869.18,2336.8,106105826.64,France,3200427889.76,12751396985.01,0.251,0.7116,0.2763,18.05,0,1.78,2020-01-02,2024-12-26,1820,agriculture,large,1,Fes,73
CMP0384,297,541655406.97,1823755.58,20506316.78,17391.7,2450589.02,France,223005681.46,254333310.17,0.8768,0.7744,0.1035,9.23,0,1.52,2020-01-02,2024-12-29,1823,textile,medium,24,Fes,34
CMP0385,107,3672607.09,34323.43,661209.77,86.14,74603.51,Spain,405631.33,188032.57,2.1572,0.2056,0.02,8.12,0,1.89,2020-01-03,2024-12-29,1822,services,small,7,Fes,6
CMP0386,109,76795040.91,704541.66,6770377.23,22805.55,985643.8,China,40831125.02,26852885.49,1.5205,0.7431,0.331,18.98,0,1.59,2020-01-12,2024-11-07,1761,industry,small,2,Ifrane,5
CMP0387,302,1183050423.04,3917385.51,29044096.6,59648.53,4820795.63,China,559318029.59,451792805.56,1.238,0.7748,0.2572,16.2,0,1.61,2020-01-22,2024-12-28,1802,industry,medium,3,Ifrane,7
CMP0388,76,59653319.53,784912.1,4900629.11,25058.01,1076031.26,France,39100435.29,9611017.8,4.0683,0.7763,0.3042,18.46,0,1.61,2020-02-17,2024-12-03,1751,industry,small,8,Fes,10
CMP0389,112,79997314.41,714261.74,5287688.62,20074.56,965438.73,Germany,29464455.35,37841807.64,0.7786,0.7768,0.6102,29.83,0,1.57,2020-01-12,2024-12-29,1813,industry,small,24,Meknes,3
CMP0390,346,1158025668.55,3346895.0,435634239.77,36179.98,24328122.38,USA,371181684.25,141983363.32,2.6143,0.578,0.2284,14.94,0,1.57,2020-01-03,2024-12-29,1822,tech,medium,2,Fes,23
CMP0391,111,4271836.52,38485.01,597206.89,1735.04,82163.98,Senegal,885209.15,497560.54,1.7791,0.1892,0.2306,16.61,0,1.94,2020-01-15,2024-12-22,1803,services,small,1,Fes,5
CMP0392,99,5285045.62,53384.3,651182.37,59.07,104817.4,Spain,1197140.47,1297594.51,0.9226,0.2727,0.1588,13.66,0,1.88,2020-01-10,2024-12-18,1804,services,small,10,Meknes,4
CMP0393,99,80938549.14,817561.1,62704650.21,3777.51,6289110.28,India,69763698.93,3669215.81,19.0132,0.5253,0.2718,16.19,0,1.61,2020-01-01,2024-12-13,1808,tech,small,3,Meknes,6
CMP0394,88,148256190.14,1684729.43,85040197.03,17154.1,9026277.39,China,25291994.36,108606496.54,0.2329,0.8409,0.2492,15.78,0,1.56,2020-01-11,2024-12-24,1809,industry,small,2,Khénifra,8
CMP0395,101,3596256.83,35606.5,582146.77,1619.29,72376.36,Senegal,257181.43,364558.45,0.7055,0.198,0.1447,13.51,0,1.92,2020-01-10,2024-12-06,1792,services,small,2,Fes,4
CMP0396,105,39883091.27,379838.96,2438600.27,164.35,498670.47,France,19657012.12,18612990.44,1.0561,0.7429,0.5093,26.45,0,1.68,2020-01-09,2024-11-10,1767,trade,small,2,Meknes,3
CMP0397,123,67406541.83,548020.67,19526917.16,482.7,1792195.54,China,22974074.56,15920109.78,1.4431,0.7561,0.1948,14.44,0,1.68,2020-01-22,2024-12-09,1783,trade,small,1,Meknes,5
CMP0398,306,638570890.18,2086832.97,58702576.51,33038.07,4826480.0,USA,314513077.97,99738435.21,3.1534,0.5654,0.2241,14.41,0,1.57,2020-01-08,2024-12-26,1814,tech,medium,3,Fes,13
CMP0399,309,907284603.85,2936196.13,129653882.51,1452.46,8210396.46,France,286299937.5,503797492.81,0.5683,0.699,0.222,15.84,0,1.69,2020-01-07,2024-12-29,1818,agriculture,medium,1,Azrou,18
CMP0400,102,5511815.83,54037.41,1099200.74,759.01,139909.57,France,2190648.14,410661.1,5.3344,0.2157,0.1679,13.44,0,1.94,2020-01-12,2024-12-12,1796,services,small,6,Fes,4
CMP0401,119,39801013.33,334462.3,1980955.18,219.52,417135.94,China,15048156.05,17024082.09,0.8839,0.7143,0.3884,21.4,0,1.67,2020-01-12,2024-12-28,1812,trade,small,10,Fes,6
CMP0402,330,679807640.34,2060023.15,101336880.04,32196.86,6642584.19,France,353985155.37,93527148.75,3.7848,0.597,0.2674,15.99,0,1.56,2020-01-03,2024-12-28,1821,tech,medium,1,Fes,15
CMP0403,114,40121898.0,351946.47,1806089.22,652.6,402864.82,France,6015130.77,28041506.91,0.2145,0.693,0.1419,13.03,0,1.75,2020-01-01,2024-12-28,1823,agriculture,small,1,Meknes,1
CMP0404,315,132080701.15,419303.81,52429853.78,5982.84,3304123.61,France,37322443.97,56723292.96,0.658,0.1651,0.165,14.01,0,1.9,2020-01-03,2024-12-30,1823,services,medium,1,Meknes,5
CMP0405,92,2949989.27,32065.1,409959.77,111.83,58494.72,France,471785.53,453615.11,1.0401,0.1957,0.2193,15.54,0,1.92,2020-01-23,2024-12-20,1793,services,small,3,Fes,3
CMP0406,94,22067802.98,234763.86,1581312.29,7523.14,280623.19,France,9165409.07,10361910.93,0.8845,0.734,0.3688,20.64,0,1.53,2020-04-14,2024-12-18,1709,textile,small,1,Fes,4
CMP0407,102,84217717.59,825663.9,9802439.66,19245.57,1263270.71,China,34529113.78,35412957.57,0.975,0.7451,0.4005,22.14,0,1.67,2020-01-03,2024-12-16,1809,industry,small,2,Meknes,3
CMP0408,112,54943639.48,490568.21,10687117.9,457.1,1298787.43,France,20521619.64,16751514.54,1.2251,0.6786,0.2893,17.42,0,1.68,2020-01-20,2024-11-02,1748,trade,small,7,Meknes,7
CMP0409,103,70733245.99,686730.54,21847349.23,446.13,2641561.01,Spain,29122203.36,35964076.75,0.8098,0.6408,0.4965,26.03,0,1.75,2020-02-02,2024-12-30,1793,trade,small,9,Khénifra,5
CMP0410,107,42853255.57,400497.72,3710036.16,104.61,580997.22,China,12074344.31,20428611.83,0.5911,0.6729,0.4642,25.12,0,1.71,2020-01-15,2024-12-08,1789,trade,small,28,Fes,3
CMP0411,299,67850885.34,226926.04,6661692.43,4841.31,609758.61,France,8742175.35,11631065.95,0.7516,0.1906,0.0744,9.98,0,1.89,2020-01-04,2024-12-30,1822,services,medium,6,Meknes,7
CMP0412,320,71230988.31,222596.84,4403526.57,794.22,520180.78,France,9266578.97,18544922.08,0.4997,0.1906,0.3124,19.61,0,1.9,2020-01-02,2024-12-29,1823,services,medium,1,Fes,9
CMP0413,104,2456374.32,23618.98,314050.27,1236.14,42749.41,France,445423.3,648198.49,0.6872,0.1442,0.02,8.55,0,1.94,2020-01-07,2024-12-18,1807,services,small,23,Meknes,4
CMP0414,94,2198229.22,23385.42,357693.51,1746.64,49797.09,UAE,269603.81,397387.64,0.6784,0.0851,0.4624,26.31,0,1.96,2020-02-06,2024-12-07,1766,services,small,1,Meknes,4
CMP0415,313,1074894439.19,3434167.54,84308336.05,2397.5,6655758.54,China,488457302.62,459294442.59,1.0635,0.6997,0.6467,31.9,0,1.72,2020-01-03,2024-12-23,1816,trade,medium,4,Meknes,7
CMP0416,103,63615976.66,617630.84,38743300.95,3942.86,3802469.69,France,49502399.12,11122597.81,4.4506,0.7767,0.285,16.06,0,1.43,2020-01-22,2024-12-18,1792,textile,small,20,Meknes,4
CMP0417,106,28060952.64,264725.97,1188004.45,6188.24,282968.29,China,7156308.69,17328757.2,0.413,0.783,0.375,20.13,0,1.57,2020-01-11,2024-12-11,1796,textile,small,1,Fes,8
CMP0418,101,80892393.49,800914.79,6890147.51,9638.07,963358.87,China,34313838.1,33721938.33,1.0176,0.8218,0.3125,18.65,0,1.58,2020-01-27,2024-12-30,1799,industry,small,16,Fes,3
CMP0419,308,62741670.64,203706.72,3005877.32,247.84,405362.4,France,10122581.3,11454991.65,0.8837,0.1948,0.3673,22.42,0,1.92,2020-01-06,2024-12-29,1819,services,medium,1,Fes,10
CMP0420,327,879104505.62,2688392.98,19127437.74,1607.38,3343814.73,China,388202035.37,376443779.13,1.0312,0.7584,0.1679,13.64,0,1.77,2020-01-21,2024-12-29,1804,trade,medium,1,Meknes,13
CMP0421,97,23544410.32,242725.88,1636051.48,6551.19,317622.4,China,7427132.65,9144719.15,0.8122,0.6804,0.1598,11.94,0,1.54,2020-01-02,2024-12-04,1798,textile,small,1,Fes,8
CMP0422,319,92156146.87,288890.74,28390586.17,845.91,1630261.4,France,7716152.67,45938466.93,0.168,0.2069,0.1461,12.91,0,1.9,2020-01-05,2024-12-27,1818,services,medium,1,Fes,10
CMP0423,123,66833404.04,543361.01,18912651.85,760.08,1836026.7,China,20697690.59,18445966.53,1.1221,0.6829,0.4673,25.15,0,1.72,2020-01-03,2024-11-17,1780,trade,small,7,Meknes,7
CMP0424,117,25225926.29,215606.21,1659483.39,7063.73,241413.65,China,10625523.83,11667936.55,0.9107,0.7607,0.186,13.42,0,1.57,2020-01-07,2024-12-06,1795,textile,small,1,Azrou,13
CMP0425,304,800446903.68,2633049.03,171328972.17,17189.42,11374647.01,Italy,343491440.8,398119126.04,0.8628,0.7533,0.5546,27.29,0,1.51,2020-01-06,2024-12-29,1819,textile,medium,1,Ifrane,10
CMP0426,323,97918845.23,303154.32,32716258.92,378.93,1885997.27,France,12759793.46,7311474.71,1.7452,0.1889,0.5292,28.49,0,1.91,2020-01-16,2024-12-30,1810,services,medium,6,Ifrane,10
CMP0427,103,3795415.52,36848.69,322055.78,537.45,63499.3,France,823362.82,800056.79,1.0291,0.2039,0.1381,12.65,0,1.9,2020-01-15,2024-11-21,1772,services,small,1,Khénifra,4
CMP0428,292,1099140098.1,3764178.42,26656827.38,55831.35,4288430.97,China,534414340.73,376518134.77,1.4194,0.7705,0.2105,14.62,0,1.61,2020-01-14,2024-12-28,1810,industry,medium,12,Fes,6
CMP0429,120,37283436.82,310695.31,2028996.16,357.27,354406.01,Spain,20247120.52,10912571.99,1.8554,0.7667,0.233,15.07,0,1.58,2020-02-03,2024-12-29,1791,trade,small,2,Fes,4
CMP0430,125,108796703.68,870373.63,7365372.68,19696.15,1088691.43,China,59824501.63,35832312.76,1.6696,0.808,0.5389,27.87,0,1.57,2020-03-04,2024-12-17,1749,industry,small,1,Fes,4
CMP0431,296,607134391.14,2051129.7,13774290.05,798.55,2786924.39,France,82510946.97,415265909.31,0.1987,0.6689,0.618,31.6,0,1.81,2020-01-03,2024-12-22,1815,agriculture,medium,7,Khénifra,32
CMP0432,114,166778146.48,1462966.2,88664915.01,32556.15,8272930.11,China,40623957.79,30296582.87,1.3409,0.7982,0.2772,16.78,0,1.59,2020-02-06,2024-12-12,1771,industry,small,1,Fes,3
CMP0433,118,5614992.77,47584.68,428695.89,213.13,85746.63,Spain,382770.42,1004622.21,0.381,0.2288,0.265,16.76,0,1.88,2020-03-01,2024-12-15,1750,services,small,5,Ifrane,8
CMP0434,102,28827823.11,282625.72,1646683.38,8755.89,292635.4,Italy,12927481.94,11506955.51,1.1234,0.8039,0.2645,16.53,0,1.51,2020-03-02,2024-12-30,1764,textile,small,3,Fes,3
CMP0435,88,43840101.09,498182.97,2646913.89,1017.37,622270.72,France,4904396.34,31944156.05,0.1535,0.7159,0.1012,10.26,0,1.56,2020-01-14,2024-11-01,1753,agriculture,small,15,Meknes,9
CMP0436,902,21348559228.58,23668025.75,3901881067.89,6295.4,139057675.94,China,11442687360.24,7798462723.85,1.4673,0.7361,0.2795,17.62,0,1.67,2020-01-04,2024-12-27,1819,trade,large,10,Fes,38
CMP0437,312,1434996108.83,4599346.5,101986816.09,82123.58,7630760.75,China,522345537.24,617374287.61,0.8461,0.7853,0.2136,14.74,0,1.57,2020-01-12,2024-12-28,1812,industry,medium,1,Azrou,15
CMP0438,103,9025958.44,87630.66,3595137.82,318.94,365783.69,Senegal,5008460.24,1626269.73,3.0797,0.2621,0.3539,21.32,0,1.86,2020-01-17,2024-12-15,1794,services,small,6,Fes,4
CMP0439,306,849751913.86,2776967.04,297453512.04,24198.36,17350999.79,Germany,487902741.22,172433451.52,2.8295,0.5915,0.3666,20.62,0,1.57,2020-01-11,2024-12-26,1811,tech,medium,14,Fes,14
CMP0440,102,5255330.74,51522.85,1153947.69,241.74,131294.19,France,875419.04,1198120.17,0.7307,0.2549,0.3856,21.7,0,1.86,2020-01-22,2024-12-12,1786,services,small,5,Azrou,2
CMP0441,330,61033865.68,184951.11,3215286.8,1172.18,398781.28,France,13433700.85,5575317.41,2.4095,0.1606,0.0896,10.53,0,1.9,2020-01-13,2024-12-28,1811,services,medium,1,Meknes,16
CMP0442,120,34896884.2,290807.37,1574797.96,6670.85,307025.65,China,12645629.02,16606685.83,0.7615,0.9,0.0585,7.75,0,1.42,2020-01-15,2024-12-30,1811,textile,small,1,Fes,5
CMP0443,78,78340742.68,1004368.5,30202267.28,13246.43,3482134.71,China,27161885.78,47791825.4,0.5683,0.7692,0.4544,24.83,0,1.64,2020-04-11,2024-11-23,1687,industry,small,6,Fes,4
CMP0444,94,37048372.55,394131.62,2316725.94,654.81,518024.42,Spain,5977133.67,23195606.53,0.2577,0.7021,0.3551,21.87,0,1.83,2020-01-06,2024-12-21,1811,agriculture,small,1,Fes,11
CMP0445,115,51449197.9,447384.33,2658718.62,178.81,600663.22,France,6577028.58,40855415.74,0.161,0.7217,0.261,16.56,0,1.68,2020-01-05,2024-12-15,1806,agriculture,small,1,Meknes,4
CMP0446,113,3139550.26,27783.63,245405.88,168.91,44083.51,France,465506.09,465708.01,0.9996,0.177,0.4653,25.15,0,1.91,2020-01-02,2024-12-26,1820,services,small,8,Fes,3
CMP0447,115,33822639.92,294109.91,6013703.85,5624.41,615806.24,China,7241709.48,23199944.94,0.3121,0.7565,0.1276,11.38,0,1.55,2020-01-02,2024-12-15,1809,textile,small,6,Azrou,4
CMP0448,95,30226059.14,318169.04,1830726.0,388.65,357537.52,France,2846438.15,23963633.62,0.1188,0.7053,0.2287,16.49,0,1.74,2020-01-11,2024-12-04,1789,agriculture,small,8,Meknes,2
CMP0449,115,79334112.59,689861.85,34387116.67,834.25,3207272.38,China,17646945.19,22243356.64,0.7934,0.7565,0.2433,16.38,0,1.64,2020-02-01,2024-12-07,1771,trade,small,16,Sefrou,4
CMP0450,293,1810847499.53,6180366.89,303698115.67,41913.57,22887239.49,China,937755638.34,631110439.98,1.4859,0.7474,0.2104,14.42,0,1.62,2020-01-02,2024-12-26,1820,industry,medium,14,Ifrane,23
CMP0451,117,147003410.85,1256439.41,25930688.87,7007.91,2718683.69,Germany,44565822.6,76406228.57,0.5833,0.8034,0.4326,22.03,0,1.5,2020-01-11,2024-12-09,1794,industry,small,1,Azrou,3
CMP0452,128,93383317.62,729557.17,5771388.61,8869.18,973366.18,China,47893389.56,36408577.64,1.3154,0.7031,0.4245,23.05,0,1.63,2020-01-24,2024-12-25,1797,industry,small,6,Meknes,3
CMP0453,315,1064210523.7,3378446.11,208110829.02,28415.25,16829716.81,China,405003085.24,579627482.88,0.6987,0.7619,0.4236,22.1,0,1.51,2020-01-05,2024-12-25,1816,textile,medium,2,Fes,17
CMP0454,307,82975703.0,270279.16,9596598.19,799.75,796822.1,Spain,23384236.42,6598453.97,3.5439,0.1954,0.2344,16.43,0,1.9,2020-01-05,2024-12-18,1809,services,medium,1,Meknes,30
CMP0455,116,37742537.15,325366.7,1652390.07,6928.11,368510.71,Germany,13773508.96,20173951.25,0.6827,0.7845,0.3752,20.83,0,1.51,2020-03-12,2024-11-23,1717,textile,small,2,Meknes,6
CMP0456,102,5587374.66,54778.18,531725.97,2392.43,92325.71,France,877335.89,1772272.03,0.495,0.2353,0.1367,11.73,0,1.83,2020-03-13,2024-12-30,1753,services,small,20,Meknes,4
CMP0457,98,24067441.53,245586.14,1935118.5,5284.23,362975.75,USA,9230878.5,8236970.18,1.1207,0.5102,0.3046,18.33,0,1.65,2020-01-04,2024-12-15,1807,tech,small,22,Meknes,3
CMP0458,295,65239522.62,221150.92,11185573.15,466.33,720199.44,France,5587160.47,11564625.62,0.4831,0.2,0.3113,19.44,0,1.86,2020-01-07,2024-12-30,1819,services,medium,7,Fes,11
CMP0459,298,1400880593.95,4700941.59,155324244.28,66389.21,11345957.34,China,525528398.53,730828241.52,0.7191,0.7315,0.4222,23.09,0,1.6,2020-01-12,2024-12-17,1801,industry,medium,8,Fes,22
CMP0460,317,175218410.34,552739.46,112631701.63,120.65,6329755.43,France,122416653.94,16472252.27,7.4317,0.2461,0.0267,8.42,0,1.9,2020-01-03,2024-12-26,1819,services,medium,30,Khénifra,22
CMP0461,308,523232057.94,1698805.38,20850686.28,14874.97,2283673.51,France,188270534.52,272210612.17,0.6916,0.7532,0.2267,14.3,0,1.53,2020-01-07,2024-12-30,1819,textile,medium,1,Fes,34
CMP0462,111,77101119.8,694604.68,4978033.0,8973.91,881542.62,China,42036820.93,23182701.35,1.8133,0.7928,0.2783,17.79,0,1.6,2020-01-22,2024-12-08,1782,industry,small,7,Azrou,6
CMP0463,816,835138052.87,1023453.5,19364758.03,2268.88,2143887.41,France,159713793.91,190499364.46,0.8384,0.185,0.3021,19.02,0,1.91,2020-01-05,2024-12-30,1821,services,large,1,Fes,64
CMP0464,312,1593335496.69,5106844.54,350356816.25,69120.16,20920875.08,China,886029364.46,502112967.55,1.7646,0.7468,0.178,13.63,0,1.67,2020-01-02,2024-12-26,1820,industry,medium,1,Meknes,8
CMP0465,93,50524747.07,543276.85,17935150.89,841.45,1873934.27,France,28214268.09,16178793.08,1.7439,0.6452,0.5907,29.52,0,1.69,2020-01-20,2024-12-26,1802,trade,small,20,Meknes,4
CMP0466,101,73103589.03,723797.91,4678101.37,12481.5,973690.81,China,38414245.46,29417551.62,1.3058,0.6931,0.3464,19.68,0,1.64,2020-01-05,2024-12-29,1820,industry,small,2,Fes,3
CMP0467,338,1170966121.45,3464396.81,77618503.26,1947.18,6101542.6,China,567994155.76,407476142.4,1.3939,0.7308,0.296,18.68,0,1.73,2020-01-01,2024-12-22,1817,trade,medium,9,Fes,15
CMP0468,108,50833622.97,470681.69,11592722.76,375.0,1166008.51,France,5856889.88,35578499.69,0.1646,0.713,0.5406,27.17,0,1.62,2020-02-19,2024-12-09,1755,agriculture,small,18,Ifrane,5
CMP0469,104,34311866.49,329921.79,2430523.55,1344.86,451688.32,USA,15638063.23,12182567.32,1.2836,0.6346,0.4519,24.0,0,1.67,2020-02-11,2024-12-24,1778,trade,small,1,Sefrou,7
CMP0470,330,925435185.7,2804349.05,107744042.32,705.91,6613202.23,Spain,116823919.42,714601609.68,0.1635,0.7061,0.1113,11.36,0,1.73,2020-01-01,2024-12-04,1799,agriculture,medium,17,Meknes,12
CMP0471,330,782926542.57,2372504.67,255333293.97,36450.19,14090235.72,France,188089187.29,479395643.71,0.3923,0.8152,0.3028,17.42,0,1.46,2020-01-09,2024-12-24,1811,textile,medium,6,Meknes,24
CMP0472,289,96617406.74,334316.29,20723964.34,2901.24,1474344.77,France,10943734.11,27242096.95,0.4017,0.2388,0.0871,10.34,0,1.88,2020-01-03,2024-12-23,1816,services,medium,19,Fes,17
CMP0473,829,15619796131.14,18841732.37,1286884520.14,7393.8,76460926.29,France,1456121561.22,12395352067.19,0.1175,0.7274,0.0874,10.7,0,1.74,2020-01-03,2024-12-28,1821,agriculture,large,7,Meknes,27
CMP0474,87,25472716.62,292789.85,2215158.27,341.46,339464.26,France,2061494.59,17741183.59,0.1162,0.6782,0.1189,11.46,0,1.78,2020-01-23,2024-12-22,1795,agriculture,small,28,Meknes,3
CMP0475,313,1408170569.79,4498947.51,153073720.44,36241.98,9990460.05,China,537144789.27,477328969.4,1.1253,0.7348,0.4609,24.5,0,1.64,2020-01-02,2024-12-28,1822,industry,medium,4,Meknes,13
CMP0476,107,25056698.27,234174.75,1973930.4,4289.34,335743.09,USA,8113030.59,8851496.03,0.9166,0.5888,0.2187,13.81,0,1.52,2020-02-17,2024-12-19,1767,tech,small,7,Ifrane,10
CMP0477,100,244433692.53,2444336.93,150286610.96,21454.91,15143012.12,China,184210583.91,54423636.58,3.3848,0.79,0.4406,22.13,0,1.61,2020-02-08,2024-12-25,1782,industry,small,30,Meknes,6
CMP0478,305,932107376.41,3056089.76,68312600.64,2134.49,6051607.2,China,347600938.98,382475613.08,0.9088,0.7279,0.4084,22.95,0,1.72,2020-01-01,2024-12-27,1822,trade,medium,1,Meknes,12
CMP0479,115,93310078.6,811391.99,4475749.42,20429.17,953357.01,China,44169626.97,38182629.68,1.1568,0.7739,0.3821,20.75,0,1.5,2020-01-05,2024-12-26,1817,industry,small,7,Fes,3
CMP0480,100,69741948.42,697419.48,4264998.78,14187.18,846401.59,China,35781732.33,26137281.42,1.369,0.77,0.3676,21.05,0,1.61,2020-04-06,2024-12-18,1717,industry,small,4,Meknes,4
CMP0481,89,32725797.79,367705.59,10543383.02,4447.59,1129313.43,USA,8192305.58,15587379.54,0.5256,0.6517,0.5574,27.92,0,1.48,2020-02-28,2024-12-24,1761,tech,small,30,Meknes,3
CMP0482,318,1650834126.31,5191302.28,251119953.39,38365.97,14769550.39,China,856280022.1,527189899.45,1.6242,0.8176,0.2732,16.86,0,1.56,2020-01-07,2024-12-30,1819,industry,medium,2,Fes,12
CMP0483,103,7512921.47,72940.99,4387544.53,1499.77,432420.56,France,538946.99,4930127.27,0.1093,0.1845,0.2577,17.12,0,1.92,2020-01-15,2024-12-30,1811,services,small,3,Fes,2
CMP0484,281,711487595.43,2531984.33,149827880.19,23614.22,9496320.73,China,202295617.24,389406130.7,0.5195,0.8043,0.2194,13.48,0,1.55,2020-01-10,2024-12-19,1805,textile,medium,7,Fes,9
CMP0485,298,569349742.12,1910569.6,38148274.97,27226.6,3147458.4,Spain,187866091.65,285751574.89,0.6574,0.7852,0.2804,16.69,0,1.48,2020-01-03,2024-12-29,1822,textile,medium,17,Fes,15
CMP0486,94,73285232.53,779630.13,4596281.52,20544.89,972553.97,China,34417857.74,34019573.45,1.0117,0.7447,0.1981,13.5,0,1.64,2020-01-16,2024-12-10,1790,industry,small,1,Meknes,3
CMP0487,310,496400514.58,1601291.98,12346816.59,18913.73,2170934.19,USA,244007702.54,74946465.47,3.2558,0.5903,0.263,15.8,0,1.55,2020-01-04,2024-12-22,1814,tech,medium,1,Meknes,10
CMP0488,823,17612326065.53,21400153.18,1590610907.97,5350.21,69351143.06,Spain,8954989370.43,6576627539.4,1.3616,0.6999,0.418,23.22,0,1.69,2020-01-01,2024-12-26,1821,trade,large,1,Fes,38
CMP0489,94,19402584.91,206410.48,1302869.77,3843.21,259313.51,France,8201135.88,5165329.43,1.5877,0.5426,0.4137,22.35,0,1.54,2020-03-15,2024-12-11,1732,tech,small,3,Azrou,3
CMP0490,310,957685057.96,3089306.64,60112714.96,822.74,5825137.04,China,284904245.1,482207778.08,0.5908,0.7742,0.3897,21.72,0,1.69,2020-01-01,2024-12-14,1809,trade,medium,14,Meknes,13
CMP0491,89,80718943.84,906954.43,4931872.27,19615.64,1121976.03,Spain,34414448.81,35175915.31,0.9784,0.7416,0.3448,18.91,0,1.54,2020-02-02,2024-09-15,1687,industry,small,15,Meknes,3
CMP0492,277,51737838.53,186779.2,3250419.64,434.87,408254.57,France,9657832.4,9038226.29,1.0686,0.1805,0.2884,19.16,0,1.91,2020-01-05,2024-12-30,1821,services,medium,15,Fes,9
CMP0493,298,784414332.8,2632262.86,16606861.95,1928.24,3599931.08,France,125150708.33,533584383.55,0.2345,0.7148,0.2539,17.57,0,1.78,2020-01-05,2024-12-10,1801,agriculture,medium,9,Fes,12
CMP0494,107,42965987.46,401551.28,3781045.61,272.44,556090.31,France,8329939.57,25420549.63,0.3277,0.6822,0.2428,16.79,0,1.73,2020-02-05,2024-12-25,1785,agriculture,small,21,Fes,2
CMP0495,111,38842128.25,349929.08,2567194.47,275.02,507223.83,China,18508395.14,13411068.43,1.3801,0.6847,0.472,25.81,0,1.74,2020-02-03,2024-11-22,1754,trade,small,1,Azrou,5
CMP0496,811,10723549296.53,13222625.52,643223904.94,157461.16,33830821.1,China,4324304016.6,5205630039.19,0.8307,0.7744,0.1393,10.98,0,1.53,2020-01-01,2024-12-30,1825,textile,large,2,Fes,105
CMP0497,303,60308043.05,199036.45,5560074.71,163.72,480004.68,France,5133613.33,18831431.36,0.2726,0.1947,0.161,13.34,0,1.92,2020-01-09,2024-12-27,1814,services,medium,2,Fes,8
CMP0498,94,36252854.04,385668.66,2546826.22,476.94,521934.06,Germany,16142926.1,14145224.47,1.1412,0.7979,0.3397,19.01,0,1.74,2020-03-22,2024-12-30,1744,trade,small,2,Meknes,6
CMP0499,101,66761807.09,661007.99,3894701.28,24026.73,720855.69,China,32336558.9,25108809.26,1.2879,0.7723,0.46,24.15,0,1.56,2020-01-14,2024-12-06,1788,industry,small,2,Ifrane,8
CMP0500,305,1839001844.87,6029514.25,257289675.66,119227.1,19737659.87,China,788598760.69,732152113.31,1.0771,0.7869,0.6787,32.82,0,1.63,2020-01-29,2024-12-27,1794,industry,medium,11,Meknes,23
